"CRASH_CRN","CRASH_YEAR","CRASH_MONTH","DAY_OF_WEEK","HOUR_OF_DAY","LOCATION_TYPE","MAX_SEVERITY_LEVEL","LONGITUDE","LATITUDE","SPEED_LIMIT","severity","carLane","bikeLane","streetLength","car.reverse","bike.reverse","foot"
2004004844,2004,4,3,99,0,3,-79.968,40.5325,30,"serious",0,5,111.394508362,0,5,1
2004004909,2004,4,7,13,0,0,-79.9062,40.3856,25,"slight",0,5,662.396118164,0,5,1
2004016283,2004,4,5,15,0,3,-80.0246,40.4087,25,"serious",0,5,993.741943359,0,5,1
2004016780,2004,5,5,19,0,2,-79.903,40.4091,35,"serious",1,2,523.535827637,1,2,1
2004019276,2004,1,3,23,0,1,-79.9481,40.4187,25,"fatal",0,5,993.741943359,0,5,1
2004057303,2004,7,2,20,0,3,-79.9871,40.2833,25,"serious",0,5,993.741943359,0,5,1
2004078102,2004,9,2,10,0,4,-79.7848,40.4507,25,"slight",2,2,1647.33813477,2,2,1
2004083039,2004,10,7,10,0,4,-79.9714,40.5368,30,"slight",0,5,111.394508362,0,5,1
2004087780,2004,11,7,13,0,3,-79.9198,40.2572,25,"serious",0,5,993.741943359,0,5,1
2004094883,2004,7,4,22,0,8,-80,40.4775,25,"unknown",1,2,245.41317749,1,2,1
2004101503,2004,6,6,23,0,4,-79.9864,40.4288,25,"slight",0,5,993.741943359,0,5,1
2004102006,2004,3,7,,0,3,-79.8657,40.4633,40,"serious",2,2,1647.33813477,2,2,1
2004103155,2004,6,3,18,0,3,-79.892,40.4688,25,"serious",2,2,1647.33813477,2,2,1
2004206653,2004,5,7,20,0,3,-79.7157,40.6388,45,"serious",2,2,1647.33813477,2,2,1
2004210180,2004,7,2,12,0,4,-80.1094,40.3586,25,"slight",0,5,993.741943359,0,5,1
2004211478,2004,8,6,16,0,0,-80.0477,40.3396,25,"slight",0,5,993.741943359,0,5,1
2004211600,2004,8,3,19,0,4,-79.8795,40.3946,35,"slight",2,2,1647.33813477,2,2,1
2004214015,2004,9,2,18,0,4,-79.8536,40.3698,25,"slight",2,2,1647.33813477,2,2,1
2004215069,2004,10,5,17,0,9,-80.0366,40.3917,20,"unknown",0,5,993.741943359,0,5,1
2004215125,2004,10,4,13,0,2,-80.0203,40.3687,25,"serious",0,5,993.741943359,0,5,1
2004217041,2004,8,7,12,0,4,-79.9716,40.478,25,"slight",0,5,111.394508362,0,5,1
2004220032,2004,9,6,1,0,4,-79.9791,40.4287,25,"slight",0,5,993.741943359,0,5,1
2005004583,2004,6,1,9,0,8,-80.0191,40.5895,35,"unknown",0,5,111.394508362,0,5,1
2005005692,2004,5,5,17,0,4,-79.9623,40.4686,35,"slight",0,5,111.394508362,0,5,1
2005009464,2004,8,3,21,0,8,-80.0216,40.3949,25,"unknown",0,5,993.741943359,0,5,1
2005010749,2004,8,1,16,0,3,-79.9632,40.4541,25,"serious",1,2,245.41317749,1,2,1
2005013683,2004,8,4,20,0,4,-80.0708,40.4582,25,"slight",1,2,245.41317749,1,2,1
2005014169,2004,6,2,13,0,4,-80.0884,40.3944,25,"slight",0,5,993.741943359,0,5,1
2005015413,2004,6,7,15,0,4,-79.9912,40.5744,35,"slight",0,5,111.394508362,0,5,1
2005021499,2004,11,7,17,0,3,-79.9629,40.4357,35,"serious",0,5,993.741943359,0,5,1
2005027724,2004,8,4,19,0,3,-79.9164,40.4677,25,"serious",1,2,664.280395508,1,2,1
2005027725,2004,8,5,17,0,3,-79.9512,40.4652,25,"serious",0,5,111.394508362,0,5,1
2005028225,2004,8,2,18,0,8,-80.0208,40.3885,25,"unknown",0,5,993.741943359,0,5,1
2005029789,2004,12,4,11,0,3,-79.8373,40.4865,35,"serious",2,2,1647.33813477,2,2,1
2005031388,2004,7,6,15,0,3,-80.0348,40.4409,25,"serious",0,5,993.741943359,0,5,1
2005038490,2004,5,4,20,0,3,-79.8453,40.3389,25,"serious",2,2,1647.33813477,2,2,1
2005038741,2004,10,7,12,0,3,-79.8921,40.4337,25,"serious",2,2,1647.33813477,2,2,1
2005039141,2004,4,3,8,0,3,-80.0039,40.4414,25,"serious",0,5,993.741943359,0,5,1
2005040209,2004,4,2,18,0,3,-79.8904,40.4255,15,"serious",2,2,1647.33813477,2,2,1
2005042330,2004,11,1,16,0,4,-79.9365,40.4329,25,"slight",0,5,993.741943359,0,5,1
2005045161,2004,4,3,17,0,3,-79.9246,40.4716,25,"serious",1,2,664.280395508,1,2,1
2005049362,2004,3,4,15,0,4,-79.9285,40.5645,35,"slight",1,2,664.280395508,1,2,1
2005052114,2004,4,6,16,0,4,-79.8474,40.3388,25,"slight",2,2,1647.33813477,2,2,1
2005052478,2004,9,1,10,0,8,-79.9265,40.4859,25,"unknown",1,2,664.280395508,1,2,1
2005053066,2004,7,3,17,0,4,-80.0268,40.4681,25,"slight",1,2,245.41317749,1,2,1
2005054578,2004,9,7,11,99,3,-79.9902,40.409,,"serious",0,5,993.741943359,0,5,1
2005054909,2004,6,3,18,0,8,-79.976,40.4368,25,"unknown",0,5,993.741943359,0,5,1
2005054911,2004,6,3,20,0,4,-79.968,40.4497,25,"slight",1,2,245.41317749,1,2,1
2005058005,2004,8,2,8,0,4,-79.9516,40.4803,25,"slight",0,5,111.394508362,0,5,1
2005058049,2004,9,2,17,0,8,-79.8875,40.4524,,"unknown",2,2,1647.33813477,2,2,1
2005058291,2004,8,3,19,0,4,-79.8221,40.4751,30,"slight",2,2,1647.33813477,2,2,1
2005059281,2004,8,1,21,0,4,-79.9054,40.49,15,"slight",1,2,664.280395508,1,2,1
2005059616,2004,8,4,18,0,8,-80.1673,40.5153,15,"unknown",1,2,245.41317749,1,2,1
2005068324,2004,6,4,18,0,8,-80.0078,40.4559,25,"unknown",1,2,245.41317749,1,2,1
2005097072,2004,4,3,17,0,8,-79.9649,40.4404,25,"unknown",1,2,245.41317749,1,2,1
2006087789,2004,10,6,20,0,2,-79.9696,40.476,45,"serious",0,5,111.394508362,0,5,1
2005039271,2005,1,7,20,0,8,-79.92630005,40.4715004,25,"unknown",1,2,664.280395508,1,2,1
2005091853,2005,2,2,14,0,3,-80.00090027,40.43669891,25,"serious",0,5,993.741943359,0,5,1
2005105107,2005,4,2,7,0,4,-80.00610352,40.31539917,25,"slight",0,5,993.741943359,0,5,1
2005117583,2005,5,3,18,0,4,-80.04489899,40.42300034,25,"slight",0,5,993.741943359,0,5,1
2005120050,2005,5,4,20,0,4,-79.90630341,40.45410156,,"slight",2,2,1647.33813477,2,2,1
2005121239,2005,6,3,99,0,2,-79.96499634,40.53239822,30,"serious",0,5,111.394508362,0,5,1
2005125136,2005,4,2,17,0,4,-79.93599701,40.4530983,25,"slight",1,2,104.475166321,1,2,1
2005128021,2005,6,7,12,0,3,-79.98480225,40.39619827,25,"serious",0,5,993.741943359,0,5,1
2005130240,2005,6,7,19,0,3,-79.98870087,40.41669846,25,"serious",0,5,993.741943359,0,5,1
2005133905,2005,7,5,18,0,8,-79.97019958,40.39080048,25,"unknown",0,5,993.741943359,0,5,1
2005134128,2005,4,6,15,0,4,-80.05079651,40.45349884,,"slight",1,2,245.41317749,1,2,1
2005134406,2005,5,6,16,0,8,-79.84079742,40.50260162,25,"unknown",2,2,1647.33813477,2,2,1
2005137051,2005,4,3,19,0,4,-79.89109802,40.45320129,25,"slight",2,2,1647.33813477,2,2,1
2005137281,2005,5,2,13,0,3,-79.92440033,40.50009918,25,"serious",1,2,664.280395508,1,2,1
2005137370,2005,6,5,20,0,8,-80.04000092,40.44340134,25,"unknown",0,5,993.741943359,0,5,1
2005137388,2005,6,4,17,0,4,-79.89040375,40.45500183,25,"slight",2,2,1647.33813477,2,2,1
2005137389,2005,6,5,16,0,4,-79.92949677,40.46099854,25,"slight",1,2,664.280395508,1,2,1
2005137454,2005,5,5,9,0,9,-79.95670319,40.4654007,25,"unknown",0,5,111.394508362,0,5,1
2005142328,2005,6,3,12,0,3,-80.01830292,40.46210098,25,"serious",1,2,245.41317749,1,2,1
2005143816,2005,4,3,7,0,8,-79.91670227,40.43799973,35,"unknown",2,2,1647.33813477,2,2,1
2005144929,2005,5,7,20,0,3,-79.98750305,40.33060074,25,"serious",0,5,993.741943359,0,5,1
2005145294,2005,4,4,20,0,3,-79.9878006,40.41260147,25,"serious",0,5,993.741943359,0,5,1
2005147749,2005,6,7,9,0,4,-79.92289734,40.43600082,25,"slight",1,2,523.535827637,1,2,1
2005154884,2005,7,3,14,0,4,-79.89550018,40.48730087,35,"slight",2,2,1647.33813477,2,2,1
2005155855,2005,6,1,21,0,2,-80.0381012,40.58200073,45,"serious",0,5,111.394508362,0,5,1
2005156022,2005,7,5,18,0,4,-80.06900024,40.37030029,25,"slight",0,5,993.741943359,0,5,1
2005156516,2005,8,4,8,0,1,-79.95140076,40.58980179,35,"fatal",1,2,664.280395508,1,2,1
2005157984,2005,7,1,14,0,8,-79.98709869,40.41989899,25,"unknown",0,5,993.741943359,0,5,1
2005161181,2005,7,4,7,0,3,-79.98760223,40.33050156,25,"serious",0,5,993.741943359,0,5,1
2005162454,2005,7,6,13,0,8,-79.87719727,40.40810013,25,"unknown",2,2,1647.33813477,2,2,1
2005166986,2005,8,4,18,0,3,-79.95829773,40.47539902,25,"serious",0,5,111.394508362,0,5,1
2005173783,2005,8,3,13,0,4,-80.00959778,40.42350006,25,"slight",0,5,993.741943359,0,5,1
2005175743,2005,9,2,18,0,3,-79.89129639,40.55310059,25,"serious",1,2,664.280395508,1,2,1
2005181344,2005,8,6,14,0,8,-80.02970123,40.45539856,35,"unknown",1,2,245.41317749,1,2,1
2005181842,2005,9,1,9,0,4,-80.06359863,40.332901,25,"slight",0,5,993.741943359,0,5,1
2005181846,2005,9,5,8,0,4,-80.07910156,40.41279984,35,"slight",0,5,993.741943359,0,5,1
2005183778,2005,9,4,17,0,4,-79.97170258,40.44810104,25,"slight",1,2,245.41317749,1,2,1
2005184407,2005,9,4,16,0,4,-79.91609955,40.43799973,25,"slight",2,2,1647.33813477,2,2,1
2005184692,2005,9,4,18,0,8,-80.05930328,40.39089966,35,"unknown",0,5,993.741943359,0,5,1
2005186864,2005,8,2,17,2,4,-79.91149902,40.49309921,35,"slight",1,2,664.280395508,1,2,1
2005186978,2005,9,5,19,0,8,-79.98429871,40.41199875,25,"unknown",0,5,993.741943359,0,5,1
2005187023,2005,9,2,14,0,4,-80.00559998,40.4382019,25,"slight",0,5,993.741943359,0,5,1
2005192455,2005,8,7,16,0,8,-79.94809723,40.59059906,40,"unknown",1,2,664.280395508,1,2,1
2005192465,2005,10,4,9,0,4,-79.92179871,40.58160019,35,"slight",1,2,664.280395508,1,2,1
2005194508,2005,8,7,16,0,4,-79.94490051,40.46680069,25,"slight",0,5,111.394508362,0,5,1
2005194524,2005,9,5,19,0,8,-79.95850372,40.47320175,25,"unknown",0,5,111.394508362,0,5,1
2005198411,2005,9,6,14,0,4,-79.7990036,40.47729874,,"slight",2,2,1647.33813477,2,2,1
2005203069,2005,4,2,13,0,4,-80.03769684,40.40159988,20,"slight",0,5,993.741943359,0,5,1
2005205083,2005,5,7,13,0,4,-79.84899902,40.36529922,25,"slight",2,2,1647.33813477,2,2,1
2005401101,2005,10,1,16,0,4,-80.00370026,40.44839859,25,"slight",1,2,245.41317749,1,2,1
2005403756,2005,10,7,1,0,0,-79.89019775,40.32740021,25,"slight",0,5,662.396118164,0,5,1
2005403817,2005,6,5,13,0,4,-80.19239807,40.55179977,25,"slight",1,2,245.41317749,1,2,1
2005411590,2005,11,1,20,0,8,-79.94180298,40.44440079,25,"unknown",0,5,36.1182327271,0,5,1
2005416311,2005,11,2,18,0,3,-80.24469757,40.44800186,30,"serious",0,5,993.741943359,0,5,1
2012029959,2005,8,7,16,0,8,-79.94799805,40.59109879,40,"unknown",1,2,664.280395508,1,2,1
2006015513,2006,1,4,12,0,8,-79.99729919,40.43880081,20,"unknown",0,5,993.741943359,0,5,1
2006017140,2006,1,7,8,0,8,-79.96800232,40.4272995,25,"unknown",0,5,993.741943359,0,5,1
2006017469,2006,1,6,11,0,4,-79.99729919,40.45569992,25,"slight",1,2,245.41317749,1,2,1
2006018144,2006,1,4,18,0,3,-79.89959717,40.46450043,25,"serious",2,2,1647.33813477,2,2,1
2006019494,2006,1,3,8,0,3,-79.9260025,40.44400024,25,"serious",1,2,664.280395508,1,2,1
2006026353,2006,2,7,17,0,4,-79.97730255,40.38359833,35,"slight",0,5,993.741943359,0,5,1
2006031516,2006,3,5,18,0,3,-79.93560028,40.44049835,25,"serious",4,2,179.841949463,4,2,1
2006033561,2006,3,3,15,0,4,-80.02449799,40.42290115,25,"slight",0,5,993.741943359,0,5,1
2006038703,2006,4,2,15,0,8,-80.00610352,40.31539917,25,"unknown",0,5,993.741943359,0,5,1
2006043787,2006,5,6,17,0,4,-80.0970993,40.4054985,25,"slight",0,5,993.741943359,0,5,1
2006046753,2006,4,3,16,0,8,-80.00229645,40.44869995,,"unknown",1,2,245.41317749,1,2,1
2006046760,2006,4,4,17,0,8,-79.95379639,40.42589951,25,"unknown",0,5,993.741943359,0,5,1
2006049845,2006,5,1,9,0,4,-79.92710114,40.46979904,,"slight",1,2,664.280395508,1,2,1
2006050882,2006,5,7,16,0,8,-79.92099762,40.60950089,35,"unknown",1,2,664.280395508,1,2,1
2006053679,2006,5,2,20,0,3,-80.04450226,40.45750046,35,"serious",1,2,245.41317749,1,2,1
2006056977,2006,6,5,17,0,4,-79.84889984,40.4341011,20,"slight",2,2,1647.33813477,2,2,1
2006057383,2006,5,1,20,0,4,-79.92690277,40.47180176,35,"slight",1,2,664.280395508,1,2,1
2006059085,2006,5,7,9,0,4,-79.87770081,40.48860168,35,"slight",2,2,1647.33813477,2,2,1
2006062044,2006,6,5,17,0,4,-80.00520325,40.41799927,25,"slight",0,5,993.741943359,0,5,1
2006062595,2006,6,2,13,0,8,-79.90399933,40.45800018,25,"unknown",2,2,1647.33813477,2,2,1
2006065484,2006,6,3,14,0,4,-79.84870148,40.34740067,,"slight",2,2,1647.33813477,2,2,1
2006066249,2006,6,2,14,0,8,-80.01679993,40.45660019,25,"unknown",1,2,245.41317749,1,2,1
2006066731,2006,6,3,7,0,4,-79.95909882,40.47240067,25,"slight",0,5,111.394508362,0,5,1
2006067286,2006,6,6,19,0,4,-80.14070129,40.6242981,40,"slight",0,5,111.394508362,0,5,1
2006068247,2006,6,7,17,0,4,-80.0109024,40.28570175,25,"slight",0,5,993.741943359,0,5,1
2006068862,2006,7,7,15,0,8,-79.9598999,40.59230042,35,"unknown",1,2,664.280395508,1,2,1
2006069636,2006,6,4,11,0,8,-79.99269867,40.45320129,,"unknown",1,2,245.41317749,1,2,1
2006072431,2006,7,6,19,0,8,-80.02760315,40.40579987,,"unknown",0,5,993.741943359,0,5,1
2006073079,2006,6,5,11,0,2,-79.89559937,40.45619965,25,"serious",2,2,1647.33813477,2,2,1
2006073199,2006,5,3,17,0,4,-79.84359741,40.5141983,25,"slight",2,2,1647.33813477,2,2,1
2006074471,2006,7,5,16,0,4,-80.05690002,40.49629974,25,"slight",1,2,245.41317749,1,2,1
2006074736,2006,7,4,19,0,8,-79.89099884,40.45890045,,"unknown",2,2,1647.33813477,2,2,1
2006075154,2006,7,1,15,0,4,-80.23370361,40.45470047,35,"slight",0,5,993.741943359,0,5,1
2006077210,2006,7,7,6,0,1,-80.06639862,40.46549988,25,"fatal",1,2,245.41317749,1,2,1
2006077423,2006,7,2,14,0,3,-79.87660217,40.44079971,25,"serious",2,2,1647.33813477,2,2,1
2006078305,2006,7,6,16,0,3,-80.20709991,40.38669968,35,"serious",0,5,993.741943359,0,5,1
2006079125,2006,7,2,21,0,3,-79.99890137,40.41999817,25,"serious",0,5,993.741943359,0,5,1
2006079369,2006,7,2,8,0,3,-79.90579987,40.45069885,35,"serious",2,2,1647.33813477,2,2,1
2006080602,2006,7,3,18,0,3,-80.06289673,40.5821991,35,"serious",0,5,111.394508362,0,5,1
2006087953,2006,8,5,22,0,8,-80.05950165,40.45399857,25,"unknown",1,2,245.41317749,1,2,1
2006090251,2006,8,2,15,0,3,-79.95400238,40.44739914,25,"serious",1,2,245.41317749,1,2,1
2006093012,2006,8,5,20,0,4,-79.98390198,40.38729858,25,"slight",0,5,993.741943359,0,5,1
2006093340,2006,8,4,18,0,2,-80.02639771,40.29059982,25,"serious",0,5,993.741943359,0,5,1
2006093747,2006,9,7,11,0,8,-79.83989716,40.53900146,30,"unknown",2,2,1647.33813477,2,2,1
2006096691,2006,9,6,18,7,3,-80.01830292,40.54840088,40,"serious",0,5,111.394508362,0,5,1
2006098076,2006,9,5,13,0,8,-79.94499969,40.45050049,25,"unknown",0,5,111.394508362,0,5,1
2006099326,2006,9,4,17,0,4,-79.90509796,40.56309891,15,"slight",1,2,664.280395508,1,2,1
2006105420,2006,10,5,11,0,4,-80.0381012,40.58200073,35,"slight",0,5,111.394508362,0,5,1
2006106424,2006,10,1,16,0,8,-79.9477005,40.44800186,25,"unknown",0,5,111.394508362,0,5,1
2006107887,2006,10,2,18,0,3,-79.96620178,40.43659973,25,"serious",0,5,993.741943359,0,5,1
2006108968,2006,10,7,18,0,3,-79.83850098,40.34730148,25,"serious",2,2,1647.33813477,2,2,1
2006109580,2006,10,6,7,0,8,-79.96579742,40.46170044,35,"unknown",0,5,111.394508362,0,5,1
2006113162,2006,10,6,7,0,4,-80.06150055,40.38059998,15,"slight",0,5,993.741943359,0,5,1
2006118782,2006,11,4,12,0,8,-79.90850067,40.48490143,35,"unknown",1,2,664.280395508,1,2,1
2006119164,2006,11,6,19,0,4,-79.95020294,40.44400024,25,"slight",1,2,245.41317749,1,2,1
2006119984,2006,11,3,10,0,4,-79.79360199,40.49900055,25,"slight",2,2,1647.33813477,2,2,1
2006121858,2006,11,3,17,0,3,-79.82759857,40.3830986,35,"serious",2,2,1647.33813477,2,2,1
2006127898,2006,11,3,14,0,3,-79.98680115,40.45040131,25,"serious",1,2,245.41317749,1,2,1
2006130135,2006,12,3,18,0,3,-79.9260025,40.44400024,25,"serious",1,2,664.280395508,1,2,1
2006130392,2006,12,6,11,0,3,-79.89920044,40.44960022,25,"serious",2,2,1647.33813477,2,2,1
2006200594,2006,1,3,18,0,4,-79.82369995,40.41659927,25,"slight",2,2,1647.33813477,2,2,1
2006204836,2006,7,7,12,0,4,-79.85350037,40.37929916,30,"slight",2,2,1647.33813477,2,2,1
2006205029,2006,7,3,16,0,4,-79.71240234,40.64089966,25,"slight",2,2,1647.33813477,2,2,1
2006205838,2006,9,6,20,0,3,-80.10389709,40.51210022,40,"serious",1,2,245.41317749,1,2,1
2006208784,2006,12,3,13,0,0,-79.85919952,40.3647995,25,"slight",2,2,1647.33813477,2,2,1
2007000696,2006,12,1,12,0,8,-79.9937973,40.47589874,25,"unknown",1,2,245.41317749,1,2,1
2007001874,2006,12,5,16,0,2,-80.00050354,40.43730164,25,"serious",0,5,993.741943359,0,5,1
2007002423,2006,12,3,16,0,4,-79.93460083,40.44900131,25,"slight",1,2,104.475166321,1,2,1
2007026650,2006,6,5,16,0,4,-80.03140259,40.39550018,25,"slight",0,5,993.741943359,0,5,1
2007007864,2007,1,3,8,0,3,-80.00370026,40.45050049,25,"serious",1,2,245.41317749,1,2,1
2007011613,2007,1,1,14,0,4,-79.88059998,40.29470062,25,"slight",0,5,662.396118164,0,5,1
2007016358,2007,1,1,0,0,3,-79.91940308,40.43799973,25,"serious",1,2,909.977172852,1,2,1
2007026077,2007,2,4,18,0,0,-79.96029663,40.43920135,25,"slight",0,5,993.741943359,0,5,1
2007041612,2007,4,6,6,0,4,-80.02819824,40.35589981,35,"slight",0,5,993.741943359,0,5,1
2007044992,2007,4,3,17,7,3,-79.88749695,40.4333992,25,"serious",2,2,1647.33813477,2,2,1
2007048481,2007,4,1,11,0,4,-79.86299896,40.35020065,,"slight",1,2,523.535827637,1,2,1
2007050418,2007,4,1,11,0,8,-79.93489838,40.4280014,25,"unknown",0,5,662.396118164,0,5,1
2007050489,2007,4,6,15,0,8,-79.89600372,40.45360184,25,"unknown",2,2,1647.33813477,2,2,1
2007050866,2007,4,7,17,0,4,-79.98970032,40.44660187,35,"slight",1,2,245.41317749,1,2,1
2007050875,2007,4,2,20,0,8,-79.89749908,40.46070099,25,"unknown",2,2,1647.33813477,2,2,1
2007052197,2007,5,1,14,0,8,-79.77940369,40.4905014,25,"unknown",2,2,1647.33813477,2,2,1
2007053387,2007,5,1,16,0,4,-80.0089035,40.45249939,25,"slight",1,2,245.41317749,1,2,1
2007054620,2007,5,4,18,0,3,-79.94529724,40.40679932,,"serious",0,5,993.741943359,0,5,1
2007054622,2007,5,5,17,0,8,-79.93009949,40.45059967,25,"unknown",1,2,664.280395508,1,2,1
2007054632,2007,5,1,16,0,4,-79.99720001,40.41640091,25,"slight",0,5,993.741943359,0,5,1
2007055095,2007,5,1,12,0,3,-79.853302,40.46490097,35,"serious",2,2,1647.33813477,2,2,1
2007055439,2007,5,3,20,0,8,-79.96089935,40.45149994,,"unknown",1,2,245.41317749,1,2,1
2007055921,2007,5,5,23,0,4,-79.84269714,40.52600098,25,"slight",2,2,1647.33813477,2,2,1
2007057439,2007,5,7,14,7,3,-79.83000183,40.31480026,40,"serious",2,2,1647.33813477,2,2,1
2007057461,2007,5,7,19,0,4,-79.89520264,40.44710159,25,"slight",2,2,1647.33813477,2,2,1
2007058070,2007,5,1,12,0,4,-79.9036026,40.48949814,35,"slight",1,2,664.280395508,1,2,1
2007060964,2007,5,6,16,0,4,-79.99739838,40.42210007,,"slight",0,5,993.741943359,0,5,1
2007061466,2007,5,2,17,0,2,-80.01010132,40.41690063,25,"serious",0,5,993.741943359,0,5,1
2007063243,2007,5,4,20,0,3,-79.9178009,40.46879959,25,"serious",1,2,664.280395508,1,2,1
2007063567,2007,6,1,11,0,8,-80.02400208,40.62810135,35,"unknown",0,5,111.394508362,0,5,1
2007063708,2007,6,7,16,0,3,-79.9489975,40.4469986,25,"serious",0,5,82.1672821045,0,5,1
2007066004,2007,7,2,8,0,4,-80.00229645,40.44319916,25,"slight",1,2,245.41317749,1,2,1
2007066602,2007,6,6,17,0,3,-79.94989777,40.42570114,25,"serious",0,5,993.741943359,0,5,1
2007066603,2007,6,4,19,0,8,-79.95490265,40.43700027,25,"unknown",0,5,993.741943359,0,5,1
2007066606,2007,6,7,23,0,8,-79.9905014,40.41439819,25,"unknown",0,5,993.741943359,0,5,1
2007066926,2007,6,6,17,0,4,-80.07959747,40.37469864,25,"slight",0,5,993.741943359,0,5,1
2007066948,2007,6,1,16,0,4,-79.90799713,40.45859909,35,"slight",2,2,1647.33813477,2,2,1
2007067537,2007,6,1,15,0,4,-80.07099915,40.44599915,25,"slight",1,2,245.41317749,1,2,1
2007068079,2007,6,1,16,0,4,-80.18430328,40.4571991,,"slight",1,2,245.41317749,1,2,1
2007072139,2007,6,6,13,0,8,-79.99790192,40.45399857,,"unknown",1,2,245.41317749,1,2,1
2007073298,2007,7,6,19,0,3,-80.02420044,40.3927002,15,"serious",0,5,993.741943359,0,5,1
2007075961,2007,7,2,10,0,3,-79.93029785,40.44520187,25,"serious",1,2,664.280395508,1,2,1
2007077113,2007,7,5,21,0,3,-79.9464035,40.46549988,25,"serious",0,5,111.394508362,0,5,1
2007077369,2007,7,5,19,0,4,-79.90010071,40.45100021,15,"slight",2,2,1647.33813477,2,2,1
2007078055,2007,7,6,12,0,4,-80.0082016,40.42990112,25,"slight",0,5,993.741943359,0,5,1
2007078245,2007,7,5,17,0,2,-79.9756012,40.44950104,25,"serious",1,2,245.41317749,1,2,1
2007079605,2007,7,2,17,0,4,-79.93009949,40.46450043,25,"slight",1,2,664.280395508,1,2,1
2007082881,2007,7,3,13,2,4,-79.91179657,40.49309921,,"slight",1,2,664.280395508,1,2,1
2007083358,2007,7,5,0,0,3,-79.8483963,40.4762001,45,"serious",2,2,1647.33813477,2,2,1
2007083992,2007,7,1,11,0,4,-80.05889893,40.38159943,35,"slight",0,5,993.741943359,0,5,1
2007085321,2007,8,6,16,0,8,-79.77559662,40.46260071,25,"unknown",2,2,1647.33813477,2,2,1
2007086883,2007,8,1,13,0,4,-79.89009857,40.27009964,35,"slight",0,5,662.396118164,0,5,1
2007087551,2007,9,5,17,0,3,-80.00859833,40.65840149,35,"serious",0,5,111.394508362,0,5,1
2007089658,2007,8,7,12,0,4,-79.97979736,40.43230057,15,"slight",0,5,993.741943359,0,5,1
2007089816,2007,9,2,15,7,8,-79.83190155,40.53839874,45,"unknown",2,2,1647.33813477,2,2,1
2007089961,2007,8,1,17,0,4,-79.94550323,40.42050171,25,"slight",0,5,993.741943359,0,5,1
2007090052,2007,8,5,17,0,8,-80.00469971,40.44990158,,"unknown",1,2,245.41317749,1,2,1
2007090513,2007,8,6,15,0,2,-79.96949768,40.42779922,35,"serious",0,5,993.741943359,0,5,1
2007092218,2007,9,2,13,0,8,-79.94889832,40.44630051,25,"unknown",0,5,82.1672821045,0,5,1
2007092816,2007,9,1,15,0,8,-80.06369781,40.45489883,25,"unknown",1,2,245.41317749,1,2,1
2007096534,2007,9,6,16,0,3,-80.01920319,40.54539871,25,"serious",0,5,111.394508362,0,5,1
2007097566,2007,9,2,8,0,4,-79.94909668,40.45280075,25,"slight",0,5,111.394508362,0,5,1
2007097747,2007,9,5,21,0,2,-79.94049835,40.44419861,25,"serious",0,5,46.718006134,0,5,1
2007098398,2007,9,3,20,0,4,-79.99369812,40.42179871,25,"slight",0,5,993.741943359,0,5,1
2007098568,2007,9,1,2,0,2,-80.02510071,40.4496994,35,"serious",1,2,245.41317749,1,2,1
2007101467,2007,9,6,17,0,3,-79.79820251,40.44549942,35,"serious",2,2,1647.33813477,2,2,1
2007102611,2007,9,4,8,0,4,-80.04750061,40.31980133,25,"slight",0,5,993.741943359,0,5,1
2007103605,2007,10,6,17,0,8,-79.95210266,40.45190048,25,"unknown",0,5,111.394508362,0,5,1
2007104697,2007,10,3,7,0,3,-79.94259644,40.45479965,25,"serious",0,5,111.394508362,0,5,1
2007104747,2007,10,4,12,0,4,-79.93250275,40.46409988,25,"slight",1,2,664.280395508,1,2,1
2007105852,2007,10,7,19,0,8,-80.01750183,40.39199829,,"unknown",0,5,993.741943359,0,5,1
2007107616,2007,10,3,18,0,8,-79.9332962,40.45589828,25,"unknown",1,2,664.280395508,1,2,1
2007107618,2007,10,3,10,0,4,-79.94670105,40.44889832,25,"slight",0,5,111.394508362,0,5,1
2007109739,2007,9,3,6,0,8,-79.85199738,40.50880051,40,"unknown",2,2,1647.33813477,2,2,1
2007111190,2007,11,1,13,0,4,-80.01779938,40.44800186,30,"slight",1,2,245.41317749,1,2,1
2007114332,2007,11,5,8,0,8,-79.93430328,40.45759964,,"unknown",1,2,664.280395508,1,2,1
2007121267,2007,10,5,17,0,8,-79.88009644,40.38579941,25,"unknown",2,2,1647.33813477,2,2,1
2007121972,2007,11,1,18,0,4,-79.96640015,40.43579865,25,"slight",0,5,993.741943359,0,5,1
2007126026,2007,12,4,11,0,4,-80.07769775,40.50320053,25,"slight",1,2,245.41317749,1,2,1
2007203085,2007,6,6,13,0,0,-79.73880005,40.6155014,35,"slight",2,2,1647.33813477,2,2,1
2007203572,2007,7,2,15,0,2,-79.74230194,40.61040115,25,"serious",2,2,1647.33813477,2,2,1
2007203718,2007,8,2,8,7,4,-80.1339035,40.45209885,35,"slight",1,2,245.41317749,1,2,1
2008012735,2007,12,2,12,0,8,-79.9253006,40.46680069,25,"unknown",1,2,664.280395508,1,2,1
2008034442,2007,8,6,10,0,8,-79.9815979,40.42879868,25,"unknown",0,5,993.741943359,0,5,1
2011120547,2007,6,4,19,0,4,-80.03050232,40.36940002,35,"slight",0,5,993.741943359,0,5,1
2008010671,2008,1,4,16,0,3,-79.93730164,40.45629883,25,"serious",1,2,104.475166321,1,2,1
2008014464,2008,1,2,10,0,4,-80.0019989,40.43840027,25,"slight",0,5,993.741943359,0,5,1
2008029593,2008,2,1,12,0,8,-79.89959717,40.44860077,35,"unknown",2,2,1647.33813477,2,2,1
2008030497,2008,2,6,18,0,8,-79.94000244,40.44409943,25,"unknown",0,5,2.62749624252,0,5,1
2008038415,2008,3,2,99,0,8,-79.9457016,40.50239944,35,"unknown",1,2,664.280395508,1,2,1
2008048216,2008,3,4,18,0,4,-79.93070221,40.43780136,25,"slight",4,2,197.007110596,4,2,1
2008053867,2008,4,6,20,0,8,-80.06629944,40.46559906,25,"unknown",1,2,245.41317749,1,2,1
2008054397,2008,4,5,18,0,2,-79.9536972,40.45059967,25,"serious",0,5,111.394508362,0,5,1
2008055984,2008,5,1,15,0,3,-79.96559906,40.3927002,25,"serious",0,5,993.741943359,0,5,1
2008057020,2008,5,4,16,0,3,-80.00990295,40.59569931,25,"serious",0,5,111.394508362,0,5,1
2008057940,2008,4,3,15,0,4,-79.98690033,40.41790009,25,"slight",0,5,993.741943359,0,5,1
2008058318,2008,5,7,15,0,4,-80.03240204,40.36249924,25,"slight",0,5,993.741943359,0,5,1
2008058527,2008,4,7,12,0,4,-79.96399689,40.4618988,25,"slight",0,5,111.394508362,0,5,1
2008058616,2008,4,2,23,0,8,-79.94999695,40.45059967,25,"unknown",0,5,111.394508362,0,5,1
2008059426,2008,5,3,17,0,4,-79.96019745,40.34090042,25,"slight",0,5,993.741943359,0,5,1
2008059711,2008,5,3,17,0,4,-80.14749908,40.44419861,35,"slight",0,5,993.741943359,0,5,1
2008061750,2008,5,7,18,0,4,-80.06719971,40.37659836,25,"slight",0,5,993.741943359,0,5,1
2008065634,2008,4,7,14,0,8,-80.01409912,40.45240021,25,"unknown",1,2,245.41317749,1,2,1
2008065751,2008,5,6,12,0,4,-79.99510193,40.32130051,25,"slight",0,5,993.741943359,0,5,1
2008067776,2008,5,1,14,0,3,-80.02510071,40.5868988,35,"serious",0,5,111.394508362,0,5,1
2008068630,2008,6,7,22,0,8,-79.77780151,40.43759918,35,"unknown",2,2,1647.33813477,2,2,1
2008068828,2008,6,3,18,0,4,-80.04380035,40.3832016,25,"slight",0,5,993.741943359,0,5,1
2008068843,2008,6,2,6,0,8,-79.76049805,40.43889999,35,"unknown",2,2,1647.33813477,2,2,1
2008069735,2008,5,3,19,0,3,-79.93640137,40.46469879,25,"serious",1,2,664.280395508,1,2,1
2008069793,2008,5,4,19,0,8,-80.0223999,40.39550018,25,"unknown",0,5,993.741943359,0,5,1
2008070832,2008,6,1,18,0,8,-80.04810333,40.57379913,35,"unknown",0,5,111.394508362,0,5,1
2008071182,2008,6,3,14,0,4,-80.06310272,40.3783989,25,"slight",0,5,993.741943359,0,5,1
2008072164,2008,5,6,17,0,4,-79.9355011,40.479599,,"slight",1,2,664.280395508,1,2,1
2008072187,2008,6,3,17,0,8,-79.91999817,40.46500015,35,"unknown",1,2,664.280395508,1,2,1
2008072267,2008,5,6,14,0,3,-79.97280121,40.42829895,35,"serious",0,5,993.741943359,0,5,1
2008072268,2008,5,6,19,0,8,-80.00499725,40.42950058,25,"unknown",0,5,993.741943359,0,5,1
2008072634,2008,6,2,8,0,4,-79.96140289,40.44120026,25,"slight",1,2,245.41317749,1,2,1
2008072758,2008,6,5,7,0,8,-80.06310272,40.38579941,25,"unknown",0,5,993.741943359,0,5,1
2008074587,2008,5,6,16,0,4,-79.83200073,40.33610153,,"slight",2,2,1647.33813477,2,2,1
2008074960,2008,6,4,9,0,3,-79.95819855,40.44200134,25,"serious",1,2,245.41317749,1,2,1
2008076193,2008,7,3,16,0,8,-79.7193985,40.47169876,25,"unknown",2,2,1647.33813477,2,2,1
2008076521,2008,7,7,11,0,3,-79.96330261,40.36700058,25,"serious",0,5,993.741943359,0,5,1
2008077105,2008,6,1,22,0,8,-79.95220184,40.4822998,,"unknown",0,5,111.394508362,0,5,1
2008077594,2008,7,1,16,0,8,-80.0667038,40.3030014,25,"unknown",0,5,993.741943359,0,5,1
2008077915,2008,6,7,99,0,0,-79.92279816,40.43470001,25,"slight",1,2,523.535827637,1,2,1
2008079325,2008,6,2,7,0,3,-79.96219635,40.46879959,25,"serious",0,5,111.394508362,0,5,1
2008079399,2008,6,6,12,0,8,-80.00839996,40.39239883,25,"unknown",0,5,993.741943359,0,5,1
2008080051,2008,7,1,23,0,2,-79.7059021,40.48310089,25,"serious",2,2,1647.33813477,2,2,1
2008081743,2008,7,7,21,0,8,-79.88480377,40.39789963,35,"unknown",2,2,1647.33813477,2,2,1
2008082297,2008,6,2,16,0,4,-79.85749817,40.51240158,40,"slight",2,2,1647.33813477,2,2,1
2008084058,2008,7,3,13,0,4,-80.01879883,40.4612999,35,"slight",1,2,245.41317749,1,2,1
2008084315,2008,7,6,19,2,8,-79.97329712,40.43489838,25,"unknown",0,5,993.741943359,0,5,1
2008086187,2008,7,6,15,0,3,-80.00090027,40.43669891,25,"serious",0,5,993.741943359,0,5,1
2008087602,2008,7,3,20,0,8,-79.8608017,40.42679977,25,"unknown",2,2,1647.33813477,2,2,1
2008088508,2008,7,1,18,0,4,-80.05010223,40.4557991,25,"slight",1,2,245.41317749,1,2,1
2008089765,2008,8,1,14,0,8,-79.8144989,40.54180145,15,"unknown",2,2,1647.33813477,2,2,1
2008090427,2008,8,6,18,0,8,-80.01609802,40.60789871,25,"unknown",0,5,111.394508362,0,5,1
2008091478,2008,8,6,18,0,3,-80.12560272,40.66070175,35,"serious",0,5,111.394508362,0,5,1
2008092355,2008,8,7,9,0,8,-80.0664978,40.30479813,25,"unknown",0,5,993.741943359,0,5,1
2008093163,2008,8,5,16,0,2,-79.82559967,40.39979935,25,"serious",2,2,1647.33813477,2,2,1
2008095254,2008,8,5,20,0,8,-79.99839783,40.55250168,35,"unknown",0,5,111.394508362,0,5,1
2008095648,2008,8,7,15,2,8,-80.00109863,40.43640137,,"unknown",0,5,993.741943359,0,5,1
2008096408,2008,6,4,17,0,4,-80.15139771,40.5121994,35,"slight",1,2,245.41317749,1,2,1
2008097411,2008,8,7,9,7,8,-79.9910965,40.43790054,25,"unknown",0,5,993.741943359,0,5,1
2008097479,2008,8,3,8,0,3,-79.96649933,40.46369934,25,"serious",0,5,111.394508362,0,5,1
2008097715,2008,8,3,18,0,8,-79.96399689,40.4618988,25,"unknown",0,5,111.394508362,0,5,1
2008098857,2008,9,1,19,0,4,-79.84909821,40.3348999,10,"slight",1,2,523.535827637,1,2,1
2008103987,2008,8,3,16,0,4,-80.02410126,40.39550018,,"slight",0,5,993.741943359,0,5,1
2008107335,2008,9,2,9,0,3,-79.9131012,40.43769836,25,"serious",2,2,1647.33813477,2,2,1
2008107338,2008,9,4,12,0,3,-79.96279907,40.43859863,25,"serious",0,5,993.741943359,0,5,1
2008109010,2008,10,4,5,7,8,-80.06559753,40.39789963,35,"unknown",0,5,993.741943359,0,5,1
2008109807,2008,9,3,7,0,4,-79.9464035,40.43870163,25,"slight",2,2,232.316360474,2,2,1
2008110179,2008,9,2,9,0,8,-79.90789795,40.46160126,25,"unknown",2,2,1647.33813477,2,2,1
2008110826,2008,10,1,12,7,8,-80.05930328,40.39089966,35,"unknown",0,5,993.741943359,0,5,1
2008111803,2008,10,6,18,0,4,-80.15879822,40.4455986,35,"slight",0,5,993.741943359,0,5,1
2008111807,2008,10,7,11,0,4,-80.00270081,40.3390007,25,"slight",0,5,993.741943359,0,5,1
2008112335,2008,9,1,19,0,8,-79.82579803,40.35269928,25,"unknown",2,2,1647.33813477,2,2,1
2008112791,2008,10,4,21,3,3,-80.00209808,40.44800186,35,"serious",1,2,245.41317749,1,2,1
2008114057,2008,10,1,3,0,0,-79.96450043,40.45880127,25,"slight",0,5,111.394508362,0,5,1
2008114058,2008,10,3,17,0,4,-79.99279785,40.44649887,25,"slight",1,2,245.41317749,1,2,1
2008114059,2008,10,3,17,0,4,-79.92769623,40.43799973,25,"slight",1,2,523.535827637,1,2,1
2008114546,2008,10,5,22,0,3,-79.93460083,40.44900131,25,"serious",1,2,104.475166321,1,2,1
2008114555,2008,10,3,8,0,4,-79.90260315,40.44960022,35,"slight",2,2,1647.33813477,2,2,1
2008114571,2008,10,4,18,0,8,-79.97599792,40.44630051,25,"unknown",1,2,245.41317749,1,2,1
2008116563,2008,10,5,10,0,8,-80.1556015,40.5141983,35,"unknown",1,2,245.41317749,1,2,1
2008117042,2008,10,4,8,0,4,-79.98880005,40.44710159,25,"slight",1,2,245.41317749,1,2,1
2008117060,2008,10,4,19,0,8,-80.05319977,40.46360016,25,"unknown",1,2,245.41317749,1,2,1
2008119330,2008,7,4,7,0,8,-79.93029785,40.44520187,,"unknown",1,2,664.280395508,1,2,1
2008119389,2008,7,5,21,0,8,-79.85690308,40.48519897,45,"unknown",2,2,1647.33813477,2,2,1
2008119436,2008,8,3,5,0,8,-79.9332962,40.43909836,25,"unknown",4,2,112.662239075,4,2,1
2008123029,2008,11,6,15,0,2,-80.20429993,40.45190048,35,"serious",0,5,993.741943359,0,5,1
2008126684,2008,11,6,17,0,4,-79.95480347,40.44689941,25,"slight",1,2,245.41317749,1,2,1
2008128934,2008,11,4,16,0,4,-79.91950226,40.43980026,25,"slight",2,2,1647.33813477,2,2,1
2008129719,2008,11,7,14,0,8,-80.22029877,40.57780075,25,"unknown",1,2,245.41317749,1,2,1
2008131625,2008,12,2,17,0,4,-79.95410156,40.45130157,25,"slight",0,5,111.394508362,0,5,1
2008132613,2008,12,4,17,0,3,-80.04519653,40.38679886,25,"serious",0,5,993.741943359,0,5,1
2008134046,2008,2,7,1,0,8,-79.99520111,40.4435997,25,"unknown",1,2,245.41317749,1,2,1
2008136303,2008,12,7,15,0,0,-79.99839783,40.39659882,,"slight",0,5,993.741943359,0,5,1
2009009511,2008,12,3,15,0,4,-79.95480347,40.44440079,,"slight",1,2,245.41317749,1,2,1
2009021771,2008,9,1,17,0,4,-79.92070007,40.49509811,25,"slight",1,2,664.280395508,1,2,1
2009002533,2009,1,3,18,0,8,-79.85479736,40.42219925,40,"unknown",2,2,1647.33813477,2,2,1
2009005589,2009,1,7,23,0,8,-80.22309875,40.50630188,35,"unknown",1,2,245.41317749,1,2,1
2009009519,2009,1,5,8,0,8,-80.01300049,40.41579819,25,"unknown",0,5,993.741943359,0,5,1
2009030316,2009,3,1,18,0,8,-79.98750305,40.44879913,25,"unknown",1,2,245.41317749,1,2,1
2009033673,2009,3,4,14,7,4,-80.0286026,40.50930023,25,"slight",0,5,111.394508362,0,5,1
2009036532,2009,4,5,11,0,8,-79.98750305,40.44879913,25,"unknown",1,2,245.41317749,1,2,1
2009036555,2009,4,5,16,0,8,-79.75969696,40.47719955,40,"unknown",2,2,1647.33813477,2,2,1
2009039326,2009,3,3,15,0,8,-79.99359894,40.3893013,25,"unknown",0,5,993.741943359,0,5,1
2009041758,2009,4,3,7,7,8,-79.95469666,40.48080063,15,"unknown",0,5,111.394508362,0,5,1
2009043138,2009,4,7,20,0,3,-79.82379913,40.41650009,25,"serious",2,2,1647.33813477,2,2,1
2009045049,2009,5,6,22,0,4,-79.93740082,40.48830032,25,"slight",1,2,664.280395508,1,2,1
2009045591,2009,5,2,17,0,3,-80.00430298,40.44829941,25,"serious",1,2,245.41317749,1,2,1
2009047274,2009,5,6,15,0,3,-79.94950104,40.42689896,25,"serious",0,5,993.741943359,0,5,1
2009048979,2009,5,4,11,0,4,-80.05699921,40.47370148,25,"slight",1,2,245.41317749,1,2,1
2009049731,2009,5,6,16,0,2,-79.98090363,40.42520142,25,"serious",0,5,993.741943359,0,5,1
2009049804,2009,5,6,18,7,2,-79.9414978,40.46350098,,"serious",0,5,111.394508362,0,5,1
2009050387,2009,5,7,11,0,3,-79.82039642,40.47309875,35,"serious",2,2,1647.33813477,2,2,1
2009051266,2009,5,4,17,0,4,-80.01930237,40.41320038,25,"slight",0,5,993.741943359,0,5,1
2009051903,2009,5,6,0,0,4,-79.97460175,40.42839813,25,"slight",0,5,993.741943359,0,5,1
2009052318,2009,5,4,15,0,3,-79.99690247,40.59159851,25,"serious",0,5,111.394508362,0,5,1
2009052869,2009,5,7,12,0,8,-80.07559967,40.55789948,35,"unknown",0,5,111.394508362,0,5,1
2009053004,2009,5,3,17,0,3,-79.9178009,40.44430161,25,"serious",2,2,1647.33813477,2,2,1
2009053391,2009,5,5,21,0,3,-79.92299652,40.43809891,35,"serious",1,2,909.977172852,1,2,1
2009055836,2009,6,2,20,2,8,-80.00090027,40.43669891,25,"unknown",0,5,993.741943359,0,5,1
2009056572,2009,5,6,17,0,4,-79.84729767,40.33840179,25,"slight",2,2,1647.33813477,2,2,1
2009056963,2009,5,6,17,0,8,-79.83190155,40.35169983,,"unknown",2,2,1647.33813477,2,2,1
2009058191,2009,6,3,23,0,4,-79.95510101,40.4679985,,"slight",0,5,111.394508362,0,5,1
2009058392,2009,6,4,17,0,8,-79.98249817,40.4510994,25,"unknown",1,2,245.41317749,1,2,1
2009059167,2009,6,6,7,0,4,-79.92939758,40.4693985,25,"slight",1,2,664.280395508,1,2,1
2009059747,2009,5,4,21,0,4,-79.93470001,40.49459839,25,"slight",1,2,664.280395508,1,2,1
2009059944,2009,6,1,12,0,4,-79.93099976,40.45209885,25,"slight",1,2,664.280395508,1,2,1
2009059948,2009,6,1,12,0,8,-79.96050262,40.47040176,25,"unknown",0,5,111.394508362,0,5,1
2009060275,2009,5,4,23,0,8,-79.92810059,40.46780014,35,"unknown",1,2,664.280395508,1,2,1
2009061305,2009,6,5,17,7,8,-80.08760071,40.39350128,35,"unknown",0,5,993.741943359,0,5,1
2009061306,2009,6,5,21,0,3,-79.84400177,40.46020126,35,"serious",2,2,1647.33813477,2,2,1
2009062122,2009,6,7,19,0,4,-79.96980286,40.42399979,25,"slight",0,5,993.741943359,0,5,1
2009062406,2009,6,7,21,0,8,-80.10209656,40.3689003,40,"unknown",0,5,993.741943359,0,5,1
2009063016,2009,6,4,8,0,4,-80.01319885,40.45629883,15,"slight",1,2,245.41317749,1,2,1
2009063568,2009,6,5,17,0,4,-79.95310211,40.48130035,25,"slight",0,5,111.394508362,0,5,1
2009064908,2009,5,1,14,0,3,-79.91870117,40.46910095,25,"serious",1,2,664.280395508,1,2,1
2009067986,2009,7,7,17,0,4,-79.83309937,40.38830185,15,"slight",2,2,1647.33813477,2,2,1
2009069123,2009,7,4,17,0,8,-79.96399689,40.43780136,25,"unknown",0,5,993.741943359,0,5,1
2009069136,2009,7,4,20,0,8,-80.02189636,40.4679985,30,"unknown",1,2,245.41317749,1,2,1
2009069434,2009,6,3,16,0,3,-79.85929871,40.36569977,25,"serious",2,2,1647.33813477,2,2,1
2009069566,2009,6,3,6,0,8,-79.85690308,40.48519897,45,"unknown",2,2,1647.33813477,2,2,1
2009070182,2009,7,7,17,0,3,-80.02279663,40.45940018,25,"serious",1,2,245.41317749,1,2,1
2009070548,2009,7,2,12,0,8,-80.18450165,40.45750046,45,"unknown",1,2,245.41317749,1,2,1
2009071062,2009,7,4,8,0,4,-79.95159912,40.44229889,25,"slight",1,2,245.41317749,1,2,1
2009071634,2009,7,4,21,0,3,-79.92389679,40.44400024,25,"serious",2,2,1647.33813477,2,2,1
2009072239,2009,7,6,10,0,4,-80.05619812,40.49420166,25,"slight",1,2,245.41317749,1,2,1
2009072866,2009,7,5,13,0,4,-79.96080017,40.46220016,25,"slight",0,5,111.394508362,0,5,1
2009073415,2009,7,3,16,7,4,-80.09739685,40.37689972,40,"slight",0,5,993.741943359,0,5,1
2009073714,2009,7,4,20,0,8,-79.95050049,40.4822998,25,"unknown",0,5,111.394508362,0,5,1
2009074712,2009,7,6,12,0,8,-80.05120087,40.38809967,25,"unknown",0,5,993.741943359,0,5,1
2009075468,2009,7,2,19,0,4,-79.99539948,40.40940094,25,"slight",0,5,993.741943359,0,5,1
2009076763,2009,7,2,20,0,4,-80.02210236,40.36819839,15,"slight",0,5,993.741943359,0,5,1
2009077116,2009,7,5,19,0,4,-79.94809723,40.51459885,25,"slight",1,2,664.280395508,1,2,1
2009077228,2009,8,7,19,0,8,-79.99890137,40.42070007,25,"unknown",0,5,993.741943359,0,5,1
2009077564,2009,8,2,99,0,3,-79.97029877,40.50109863,25,"serious",0,5,111.394508362,0,5,1
2009077877,2009,8,2,13,0,1,-79.95659637,40.43920135,25,"fatal",2,2,232.316360474,2,2,1
2009078585,2009,8,2,6,0,4,-80.00080109,40.43069839,25,"slight",0,5,993.741943359,0,5,1
2009082016,2009,8,7,14,0,4,-79.90979767,40.4640007,25,"slight",1,2,664.280395508,1,2,1
2009082209,2009,8,1,19,0,4,-79.89730072,40.31110001,25,"slight",0,5,662.396118164,0,5,1
2009082691,2009,7,2,14,0,4,-80.01560211,40.56719971,35,"slight",0,5,111.394508362,0,5,1
2009083024,2009,8,3,10,0,4,-79.9890976,40.39979935,25,"slight",0,5,993.741943359,0,5,1
2009084748,2009,8,1,12,0,4,-79.99629974,40.42079926,25,"slight",0,5,993.741943359,0,5,1
2009086731,2009,8,6,10,0,8,-80.04139709,40.48809814,25,"unknown",1,2,245.41317749,1,2,1
2009086881,2009,8,5,20,0,3,-79.95760345,40.43999863,25,"serious",1,2,245.41317749,1,2,1
2009087103,2009,8,7,15,7,8,-79.75910187,40.54859924,35,"unknown",2,2,1647.33813477,2,2,1
2009088966,2009,8,6,0,0,8,-79.97109985,40.4598999,25,"unknown",1,2,245.41317749,1,2,1
2009089583,2009,8,2,17,0,8,-79.86650085,40.4090004,15,"unknown",2,2,1647.33813477,2,2,1
2009089618,2009,9,5,6,0,8,-80.11620331,40.41149902,40,"unknown",0,5,993.741943359,0,5,1
2009089967,2009,9,3,19,0,3,-79.97190094,40.42829895,25,"serious",0,5,993.741943359,0,5,1
2009091872,2009,9,2,7,0,8,-79.81220245,40.38069916,35,"unknown",2,2,1647.33813477,2,2,1
2009092789,2009,9,5,17,0,3,-80.04070282,40.48389816,65,"serious",1,2,245.41317749,1,2,1
2009093678,2009,8,3,21,0,4,-79.86319733,40.35169983,25,"slight",1,2,523.535827637,1,2,1
2009094121,2009,9,2,13,0,3,-79.979599,40.42480087,25,"serious",0,5,993.741943359,0,5,1
2009094880,2009,9,4,22,0,8,-79.96029663,40.44039917,25,"unknown",1,2,245.41317749,1,2,1
2009095602,2009,9,7,3,0,8,-79.95639801,40.43510056,35,"unknown",0,5,993.741943359,0,5,1
2009098172,2009,9,1,16,0,8,-79.85410309,40.34529877,25,"unknown",1,2,523.535827637,1,2,1
2009098822,2009,10,1,17,0,3,-79.87950134,40.28900146,25,"serious",0,5,662.396118164,0,5,1
2009099506,2009,10,3,20,7,4,-79.9437027,40.44729996,25,"slight",0,5,111.394508362,0,5,1
2009103634,2009,10,6,13,7,8,-79.95929718,40.43690109,,"unknown",0,5,993.741943359,0,5,1
2009106224,2009,10,6,18,0,4,-79.93650055,40.43289948,25,"slight",0,5,993.741943359,0,5,1
2009108776,2009,10,2,19,0,2,-79.83730316,40.48649979,35,"serious",2,2,1647.33813477,2,2,1
2009111995,2009,11,6,17,0,8,-79.92479706,40.46139908,25,"unknown",1,2,664.280395508,1,2,1
2009113674,2009,11,2,17,0,4,-80.0223999,40.34130096,35,"slight",0,5,993.741943359,0,5,1
2009114085,2009,11,7,11,0,4,-80.00019836,40.43769836,25,"slight",0,5,993.741943359,0,5,1
2009114394,2009,11,7,4,0,3,-79.94589996,40.45999908,25,"serious",0,5,111.394508362,0,5,1
2009115035,2009,11,1,10,7,4,-79.94339752,40.4253006,25,"slight",0,5,993.741943359,0,5,1
2009115107,2009,11,1,16,0,3,-79.9477005,40.4253006,25,"serious",0,5,993.741943359,0,5,1
2009115331,2009,11,2,12,0,8,-79.93720245,40.45339966,25,"unknown",1,2,56.6059608459,1,2,1
2009115539,2009,10,6,15,0,4,-79.8710022,40.35020065,25,"slight",0,5,662.396118164,0,5,1
2009116944,2009,11,6,8,0,4,-79.99819946,40.42900085,25,"slight",0,5,993.741943359,0,5,1
2009126498,2009,12,2,11,0,4,-79.9661026,40.46170044,25,"slight",0,5,111.394508362,0,5,1
2009127605,2009,12,4,17,0,8,-80.00170135,40.45330048,25,"unknown",1,2,245.41317749,1,2,1
2010002815,2009,12,7,6,0,3,-80.21150208,40.56290054,,"serious",1,2,245.41317749,1,2,1
2010025604,2010,3,4,21,0,4,-79.96029663,40.46480179,25,"slight",0,5,111.394508362,0,5,1
2010027778,2010,3,4,15,0,8,-79.94059753,40.45529938,25,"unknown",0,5,111.394508362,0,5,1
2010029286,2010,3,2,17,0,3,-79.91739655,40.45740128,55,"serious",1,2,664.280395508,1,2,1
2010029851,2010,3,4,17,0,4,-79.95220184,40.42490005,25,"slight",0,5,993.741943359,0,5,1
2010030558,2010,3,3,16,0,4,-79.83940125,40.3451004,25,"slight",2,2,1647.33813477,2,2,1
2010030635,2010,3,7,99,0,4,-79.94740295,40.51160049,40,"slight",1,2,664.280395508,1,2,1
2010031794,2010,3,4,18,0,4,-79.86460114,40.47570038,35,"slight",2,2,1647.33813477,2,2,1
2010033045,2010,4,1,13,0,2,-79.99890137,40.42070007,25,"serious",0,5,993.741943359,0,5,1
2010034228,2010,4,4,18,0,8,-79.99549866,40.45809937,25,"unknown",1,2,245.41317749,1,2,1
2010035131,2010,4,7,12,0,4,-80.03530121,40.37749863,25,"slight",0,5,993.741943359,0,5,1
2010035514,2010,4,2,8,0,3,-79.94550323,40.50180054,30,"serious",1,2,664.280395508,1,2,1
2010035759,2010,4,2,18,0,3,-79.93479919,40.55239868,35,"serious",1,2,664.280395508,1,2,1
2010036341,2010,4,2,16,0,8,-80.06990051,40.46879959,15,"unknown",1,2,245.41317749,1,2,1
2010039751,2010,4,1,14,0,3,-80.07379913,40.35229874,30,"serious",0,5,993.741943359,0,5,1
2010041008,2010,4,5,17,0,4,-79.85929871,40.36569977,25,"slight",2,2,1647.33813477,2,2,1
2010042223,2010,5,2,19,0,8,-80.07589722,40.46179962,25,"unknown",1,2,245.41317749,1,2,1
2010042758,2010,5,4,16,0,4,-79.91690063,40.42599869,25,"slight",1,2,523.535827637,1,2,1
2010042910,2010,5,5,2,0,3,-79.95050049,40.42250061,25,"serious",0,5,993.741943359,0,5,1
2010044784,2010,4,7,14,7,4,-79.83940125,40.33810043,25,"slight",2,2,1647.33813477,2,2,1
2010045692,2010,5,5,12,0,8,-79.96260071,40.46440125,25,"unknown",0,5,111.394508362,0,5,1
2010046541,2010,5,1,12,0,3,-79.83989716,40.49639893,25,"serious",2,2,1647.33813477,2,2,1
2010046560,2010,5,7,13,0,8,-80.01439667,40.59209824,25,"unknown",0,5,111.394508362,0,5,1
2010048160,2010,5,4,16,0,4,-79.95359802,40.47980118,25,"slight",0,5,111.394508362,0,5,1
2010048324,2010,5,6,23,0,4,-79.88610077,40.45199966,25,"slight",2,2,1647.33813477,2,2,1
2010049604,2010,5,3,9,0,8,-79.95639801,40.43510056,30,"unknown",0,5,993.741943359,0,5,1
2010051343,2010,5,1,22,0,4,-79.93859863,40.45589828,25,"slight",1,2,28.911233902,1,2,1
2010052734,2010,6,5,10,0,4,-80.06020355,40.49779892,35,"slight",1,2,245.41317749,1,2,1
2010052971,2010,5,5,7,0,1,-79.90579987,40.54629898,40,"fatal",1,2,664.280395508,1,2,1
2010055667,2010,5,7,19,0,8,-80.05149841,40.3382988,25,"unknown",0,5,993.741943359,0,5,1
2010055697,2010,6,6,16,0,2,-80.15460205,40.51440048,15,"serious",1,2,245.41317749,1,2,1
2010058026,2010,6,7,17,0,3,-79.99150085,40.44049835,25,"serious",0,5,993.741943359,0,5,1
2010059642,2010,5,6,12,7,4,-79.98889923,40.41329956,25,"slight",0,5,993.741943359,0,5,1
2010061457,2010,6,3,13,0,4,-79.9315033,40.46030045,25,"slight",1,2,664.280395508,1,2,1
2010062261,2010,5,3,19,0,4,-79.88999939,40.31919861,25,"slight",0,5,662.396118164,0,5,1
2010066393,2010,7,3,16,0,4,-80.12039948,40.35699844,55,"slight",0,5,993.741943359,0,5,1
2010067142,2010,7,6,8,0,8,-79.90219879,40.4034996,25,"unknown",1,2,523.535827637,1,2,1
2010069099,2010,7,5,19,0,3,-79.99739838,40.42169952,25,"serious",0,5,993.741943359,0,5,1
2010069441,2010,7,6,6,0,3,-79.99289703,40.44639969,25,"serious",1,2,245.41317749,1,2,1
2010071619,2010,7,4,15,0,8,-79.95379639,40.42589951,30,"unknown",0,5,993.741943359,0,5,1
2010072246,2010,7,6,16,0,4,-79.92690277,40.46210098,25,"slight",1,2,664.280395508,1,2,1
2010072363,2010,7,7,0,0,4,-80.08470154,40.43170166,25,"slight",0,5,993.741943359,0,5,1
2010073126,2010,8,1,20,0,8,-80.07540131,40.4695015,15,"unknown",1,2,245.41317749,1,2,1
2010073130,2010,8,2,14,0,3,-79.98470306,40.42480087,25,"serious",0,5,993.741943359,0,5,1
2010073158,2010,8,2,17,0,4,-79.87870026,40.28760147,25,"slight",0,5,662.396118164,0,5,1
2010077188,2010,8,7,14,0,8,-79.9776001,40.38410187,25,"unknown",0,5,993.741943359,0,5,1
2010077410,2010,8,2,6,4,4,-79.99040222,40.43579865,25,"slight",0,5,993.741943359,0,5,1
2010078862,2010,8,7,15,0,4,-80.04689789,40.2983017,25,"slight",0,5,993.741943359,0,5,1
2010078950,2010,8,4,18,0,4,-79.96880341,40.46149826,25,"slight",0,5,111.394508362,0,5,1
2010081300,2010,8,5,8,0,8,-79.94249725,40.44739914,25,"unknown",0,5,111.394508362,0,5,1
2010083577,2010,8,3,22,0,2,-80.08300018,40.39170074,25,"serious",0,5,993.741943359,0,5,1
2010083971,2010,9,5,19,0,3,-79.92340088,40.46459961,25,"serious",1,2,664.280395508,1,2,1
2010084298,2010,9,6,9,0,8,-80.05400085,40.4552002,25,"unknown",1,2,245.41317749,1,2,1
2010085097,2010,9,2,10,0,4,-79.92620087,40.42160034,25,"slight",0,5,662.396118164,0,5,1
2010086268,2010,9,6,15,0,4,-80.02539825,40.32730103,35,"slight",0,5,993.741943359,0,5,1
2010086751,2010,9,4,9,0,8,-80.14600372,40.5163002,25,"unknown",1,2,245.41317749,1,2,1
2010086941,2010,9,1,11,0,8,-79.94270325,40.44900131,25,"unknown",0,5,111.394508362,0,5,1
2010087429,2010,9,2,19,0,4,-80.10469818,40.56999969,45,"slight",0,5,111.394508362,0,5,1
2010090861,2010,9,5,8,0,8,-79.96640015,40.43579865,25,"unknown",0,5,993.741943359,0,5,1
2010091783,2010,9,1,11,0,8,-80.03600311,40.54100037,55,"unknown",0,5,111.394508362,0,5,1
2010092599,2010,9,3,14,0,2,-80.0019989,40.43840027,25,"serious",0,5,993.741943359,0,5,1
2010093301,2010,9,5,9,0,8,-79.96880341,40.46149826,25,"unknown",0,5,111.394508362,0,5,1
2010094481,2010,10,7,16,0,8,-80.07769775,40.45930099,25,"unknown",1,2,245.41317749,1,2,1
2010094758,2010,10,1,19,0,4,-79.91220093,40.46620178,25,"slight",1,2,664.280395508,1,2,1
2010097726,2010,10,1,12,7,4,-80.06790161,40.37609863,,"slight",0,5,993.741943359,0,5,1
2010098777,2010,10,4,5,0,8,-79.99880219,40.43000031,25,"unknown",0,5,993.741943359,0,5,1
2010100608,2010,10,5,22,0,4,-79.95030212,40.44509888,25,"slight",1,2,245.41317749,1,2,1
2010105127,2010,1,5,8,0,4,-79.91799927,40.44430161,25,"slight",2,2,1647.33813477,2,2,1
2010108610,2010,11,7,3,0,3,-79.91529846,40.45360184,35,"serious",1,2,664.280395508,1,2,1
2010110912,2010,11,3,8,0,4,-79.98829651,40.52690125,35,"slight",0,5,111.394508362,0,5,1
2010112269,2010,11,2,12,0,8,-79.93769836,40.4571991,25,"unknown",1,2,104.475166321,1,2,1
2011025810,2010,6,2,16,0,8,-80.0019989,40.43840027,25,"unknown",0,5,993.741943359,0,5,1
2011007049,2011,1,7,22,0,8,-79.95079803,40.46260071,25,"unknown",0,5,111.394508362,0,5,1
2011007171,2011,1,2,9,0,4,-79.98970032,40.42869949,25,"slight",0,5,993.741943359,0,5,1
2011011834,2011,1,3,14,0,4,-79.93859863,40.46459961,25,"slight",1,2,664.280395508,1,2,1
2011019879,2011,2,4,16,0,4,-79.94529724,40.46490097,25,"slight",0,5,111.394508362,0,5,1
2011021775,2011,2,3,17,0,4,-79.99649811,40.43640137,35,"slight",0,5,993.741943359,0,5,1
2011032426,2011,3,7,13,0,3,-79.92510223,40.46409988,55,"serious",1,2,664.280395508,1,2,1
2011038090,2011,4,5,12,0,8,-79.91239929,40.45399857,35,"unknown",2,2,1647.33813477,2,2,1
2011039340,2011,4,2,16,7,4,-80.00759888,40.39239883,25,"slight",0,5,993.741943359,0,5,1
2011039455,2011,4,2,16,0,2,-79.98290253,40.46730042,25,"serious",1,2,245.41317749,1,2,1
2011040088,2011,4,4,99,0,3,-79.98069763,40.54380035,25,"serious",0,5,111.394508362,0,5,1
2011041108,2011,4,7,22,0,4,-80.08370209,40.41120148,25,"slight",0,5,993.741943359,0,5,1
2011041498,2011,4,2,10,0,8,-79.95690155,40.4416008,25,"unknown",1,2,245.41317749,1,2,1
2011042328,2011,4,4,22,0,8,-80.06469727,40.37829971,40,"unknown",0,5,993.741943359,0,5,1
2011043444,2011,4,4,10,0,4,-79.87169647,40.59749985,45,"slight",1,2,664.280395508,1,2,1
2011045271,2011,4,7,14,0,4,-79.90660095,40.46440125,35,"slight",2,2,1647.33813477,2,2,1
2011046325,2011,4,7,13,0,3,-80.00610352,40.31539917,25,"serious",0,5,993.741943359,0,5,1
2011047197,2011,5,6,15,0,4,-79.9776001,40.42910004,25,"slight",0,5,993.741943359,0,5,1
2011048284,2011,5,3,8,0,3,-79.93720245,40.44219971,25,"serious",4,2,104.818717957,4,2,1
2011049046,2011,5,2,12,0,8,-79.98860168,40.4294014,25,"unknown",0,5,993.741943359,0,5,1
2011049377,2011,5,4,13,0,8,-79.76609802,40.44520187,35,"unknown",2,2,1647.33813477,2,2,1
2011050769,2011,5,5,19,0,3,-79.9477005,40.4552002,15,"serious",0,5,111.394508362,0,5,1
2011054938,2011,5,1,16,0,3,-79.98729706,40.41400146,,"serious",0,5,993.741943359,0,5,1
2011055022,2011,5,2,7,0,3,-79.90779877,40.48429871,35,"serious",1,2,664.280395508,1,2,1
2011057607,2011,6,7,22,3,3,-80.00389862,40.43220139,25,"serious",0,5,993.741943359,0,5,1
2011057789,2011,6,1,18,0,8,-79.84089661,40.33060074,25,"unknown",2,2,1647.33813477,2,2,1
2011057860,2011,6,4,17,0,4,-80.03669739,40.30509949,25,"slight",0,5,993.741943359,0,5,1
2011058798,2011,6,4,10,0,4,-79.92739868,40.4292984,25,"slight",1,2,38.2318077087,1,2,1
2011060526,2011,6,2,17,0,8,-79.89769745,40.43970108,35,"unknown",2,2,1647.33813477,2,2,1
2011063301,2011,6,2,13,0,4,-79.99590302,40.42279816,25,"slight",0,5,993.741943359,0,5,1
2011064302,2011,6,1,17,0,4,-80.18379974,40.45729828,45,"slight",1,2,245.41317749,1,2,1
2011064673,2011,6,1,14,0,8,-79.92340088,40.46459961,25,"unknown",1,2,664.280395508,1,2,1
2011065151,2011,6,2,18,0,3,-79.84030151,40.34389877,25,"serious",2,2,1647.33813477,2,2,1
2011065883,2011,6,4,20,0,8,-80.1812973,40.44810104,30,"unknown",0,5,993.741943359,0,5,1
2011067980,2011,7,4,7,0,8,-79.93460083,40.45809937,25,"unknown",1,2,664.280395508,1,2,1
2011067993,2011,7,4,8,0,4,-80.01129913,40.45140076,30,"slight",1,2,245.41317749,1,2,1
2011068201,2011,7,4,18,0,8,-80.00650024,40.45550156,35,"unknown",1,2,245.41317749,1,2,1
2011068577,2011,7,5,11,0,3,-79.92209625,40.45920181,25,"serious",1,2,664.280395508,1,2,1
2011068752,2011,7,5,99,0,3,-80.19100189,40.55479813,25,"serious",1,2,245.41317749,1,2,1
2011072121,2011,7,1,20,0,2,-79.89040375,40.35020065,25,"serious",0,5,662.396118164,0,5,1
2011072823,2011,7,6,13,0,8,-79.97280121,40.45880127,25,"unknown",1,2,245.41317749,1,2,1
2011074186,2011,7,1,13,0,4,-79.89900208,40.46390152,25,"slight",2,2,1647.33813477,2,2,1
2011075195,2011,7,4,11,0,8,-79.91719818,40.44229889,25,"unknown",2,2,1647.33813477,2,2,1
2011077177,2011,6,4,14,0,4,-80.11219788,40.35850143,25,"slight",0,5,993.741943359,0,5,1
2011077593,2011,8,3,6,0,4,-79.9980011,40.45759964,25,"slight",1,2,245.41317749,1,2,1
2011078347,2011,8,5,18,0,3,-79.97360229,40.45729828,30,"serious",1,2,245.41317749,1,2,1
2011079569,2011,8,3,6,0,3,-80.01029968,40.44729996,25,"serious",1,2,245.41317749,1,2,1
2011079874,2011,8,3,16,0,3,-79.96299744,40.46820068,25,"serious",0,5,111.394508362,0,5,1
2011080193,2011,7,1,99,0,8,-80.19110107,40.52149963,25,"unknown",1,2,245.41317749,1,2,1
2011080778,2011,8,6,12,0,4,-79.94989777,40.46210098,25,"slight",0,5,111.394508362,0,5,1
2011081608,2011,8,1,18,0,4,-79.90450287,40.46319962,25,"slight",2,2,1647.33813477,2,2,1
2011082367,2011,8,4,12,0,4,-79.93039703,40.47719955,25,"slight",1,2,664.280395508,1,2,1
2011084327,2011,8,1,18,0,3,-79.81970215,40.39690018,25,"serious",2,2,1647.33813477,2,2,1
2011086256,2011,8,6,16,0,3,-79.90799713,40.45869827,25,"serious",2,2,1647.33813477,2,2,1
2011086630,2011,8,1,10,0,4,-80.01390076,40.45819855,25,"slight",1,2,245.41317749,1,2,1
2011086768,2011,8,1,19,0,4,-80.04779816,40.49169922,25,"slight",1,2,245.41317749,1,2,1
2011087220,2011,8,7,23,6,4,-79.97769928,40.4239006,25,"slight",0,5,993.741943359,0,5,1
2011088478,2011,8,1,8,0,4,-80.17220306,40.45890045,45,"slight",1,2,245.41317749,1,2,1
2011089638,2011,8,3,11,0,8,-80.03450012,40.32109833,25,"unknown",0,5,993.741943359,0,5,1
2011090450,2011,9,4,17,0,3,-79.95439911,40.44079971,15,"serious",1,2,245.41317749,1,2,1
2011093562,2011,9,2,18,0,4,-79.94960022,40.45009995,25,"slight",0,5,111.394508362,0,5,1
2011098351,2011,9,5,2,0,8,-79.90670013,40.45669937,25,"unknown",2,2,1647.33813477,2,2,1
2011098676,2011,9,5,18,0,3,-79.99720001,40.43650055,25,"serious",0,5,993.741943359,0,5,1
2011099416,2011,9,6,13,0,4,-79.98960114,40.29430008,25,"slight",0,5,993.741943359,0,5,1
2011101304,2011,10,5,16,0,3,-80.01679993,40.45660019,25,"serious",1,2,245.41317749,1,2,1
2011101944,2011,10,7,15,0,4,-79.93099976,40.45209885,25,"slight",1,2,664.280395508,1,2,1
2011101975,2011,10,7,17,0,3,-80.0236969,40.39619827,25,"serious",0,5,993.741943359,0,5,1
2011103515,2011,10,4,19,0,3,-79.92890167,40.45740128,25,"serious",1,2,664.280395508,1,2,1
2011104383,2011,10,6,18,0,4,-79.9477005,40.44800186,25,"slight",0,5,111.394508362,0,5,1
2011105441,2011,10,3,9,7,3,-79.96759796,40.4612999,25,"serious",0,5,111.394508362,0,5,1
2011106255,2011,10,3,99,0,3,-79.95839691,40.51279831,30,"serious",0,5,111.394508362,0,5,1
2011108856,2011,10,4,16,0,3,-79.94419861,40.44729996,15,"serious",0,5,111.394508362,0,5,1
2011109973,2011,9,5,17,0,4,-79.89009857,40.40069962,15,"slight",2,2,1647.33813477,2,2,1
2011109983,2011,10,6,21,0,8,-79.94850159,40.46139908,25,"unknown",0,5,111.394508362,0,5,1
2011111621,2011,11,3,15,7,4,-79.93499756,40.45700073,25,"slight",1,2,664.280395508,1,2,1
2011116621,2011,11,7,5,0,8,-79.9240036,40.45190048,25,"unknown",1,2,664.280395508,1,2,1
2011116899,2011,11,1,11,0,4,-79.89099884,40.4552002,25,"slight",2,2,1647.33813477,2,2,1
2011118967,2011,11,6,10,3,8,-79.96710205,40.46160126,35,"unknown",0,5,111.394508362,0,5,1
2011121493,2011,11,4,15,0,8,-79.99749756,40.45769882,25,"unknown",1,2,245.41317749,1,2,1
2011128506,2011,12,2,17,0,3,-79.99890137,40.41999817,25,"serious",0,5,993.741943359,0,5,1
2011128700,2011,12,3,15,0,3,-79.93409729,40.43889999,25,"serious",4,2,112.662239075,4,2,1
2011129053,2011,12,3,17,0,8,-79.96320343,40.59360123,35,"unknown",1,2,664.280395508,1,2,1
2011130072,2011,11,7,15,0,3,-79.99530029,40.53929901,25,"serious",0,5,111.394508362,0,5,1
2011131264,2011,12,3,6,0,3,-80.01589966,40.45780182,25,"serious",1,2,245.41317749,1,2,1
2011131323,2011,12,3,10,0,3,-79.93669891,40.45280075,25,"serious",1,2,56.6059608459,1,2,1
2012019485,2011,4,7,14,0,3,-79.94249725,40.44739914,,"serious",0,5,111.394508362,0,5,1
2012003063,2012,1,1,15,0,8,-79.9375,40.4541015625,25,"unknown",1,2,56.6059608459,1,2,1
2012004701,2012,1,3,13,0,8,-80.0617980957031,40.4986000061035,30,"unknown",1,2,245.41317749,1,2,1
2012011491,2012,1,1,16,0,4,-79.8939971923828,40.3095016479492,25,"slight",0,5,662.396118164,0,5,1
2012024564,2012,3,7,15,0,8,-79.86360168,40.34460068,25,"unknown",0,5,662.396118164,0,5,1
2012024953,2012,3,6,14,7,4,-79.89029694,40.27560043,25,"slight",0,5,662.396118164,0,5,1
2012025387,2012,3,7,19,0,3,-80.14569855,40.51620102,25,"serious",1,2,245.41317749,1,2,1
2012025476,2012,3,4,16,0,4,-79.9641037,40.42509842,35,"slight",0,5,993.741943359,0,5,1
2012025714,2012,3,5,8,0,2,-79.95899963,40.47249985,25,"serious",0,5,111.394508362,0,5,1
2012026363,2012,3,6,21,0,4,-80.26909637,40.52769852,35,"slight",1,2,245.41317749,1,2,1
2012026683,2012,3,1,13,0,8,-80.01249695,40.4457016,25,"unknown",1,2,245.41317749,1,2,1
2012026763,2012,3,1,19,0,4,-79.90799713,40.45859909,35,"slight",2,2,1647.33813477,2,2,1
2012027493,2012,3,3,16,0,4,-80.02909851,40.47190094,25,"slight",1,2,245.41317749,1,2,1
2012029584,2012,3,3,8,0,8,-79.9803009,40.45360184,25,"unknown",1,2,245.41317749,1,2,1
2012029921,2012,3,3,17,7,8,-79.97329712,40.42599869,25,"unknown",0,5,993.741943359,0,5,1
2012032205,2012,3,6,6,0,8,-80.1434021,40.50450134,35,"unknown",1,2,245.41317749,1,2,1
2012033627,2012,4,1,18,0,4,-80.00309753,40.43889999,25,"slight",0,5,993.741943359,0,5,1
2012034019,2012,4,2,20,0,3,-79.93109894,40.46279907,35,"serious",1,2,664.280395508,1,2,1
2012034910,2012,4,4,20,0,3,-79.90270233,40.40330124,25,"serious",1,2,523.535827637,1,2,1
2012038020,2012,4,1,15,0,3,-79.93869781,40.42720032,25,"serious",0,5,993.741943359,0,5,1
2012043315,2012,4,2,12,0,4,-79.99549866,40.44150162,,"slight",0,5,993.741943359,0,5,1
2012043954,2012,5,3,13,0,4,-79.94619751,40.5060997,40,"slight",1,2,664.280395508,1,2,1
2012044125,2012,5,4,19,0,3,-79.89160156,40.40769958,35,"serious",2,2,1647.33813477,2,2,1
2012046847,2012,5,5,18,0,8,-79.85649872,40.43050003,15,"unknown",2,2,1647.33813477,2,2,1
2012047524,2012,5,7,9,0,8,-79.90460205,40.40810013,25,"unknown",1,2,523.535827637,1,2,1
2012047885,2012,5,1,2,0,2,-79.96710205,40.46160126,25,"serious",0,5,111.394508362,0,5,1
2012050188,2012,5,6,16,0,8,-79.95610046,40.43600082,25,"unknown",0,5,993.741943359,0,5,1
2012051177,2012,5,2,22,0,4,-79.99680328,40.45410156,25,"slight",1,2,245.41317749,1,2,1
2012051621,2012,5,3,17,0,3,-79.9464035,40.43870163,25,"serious",2,2,232.316360474,2,2,1
2012051626,2012,5,3,12,0,4,-80.01860046,40.45059967,25,"slight",1,2,245.41317749,1,2,1
2012052290,2012,5,5,12,0,8,-79.96710205,40.46160126,25,"unknown",0,5,111.394508362,0,5,1
2012053342,2012,5,2,17,0,4,-80.06269836,40.45550156,25,"slight",1,2,245.41317749,1,2,1
2012053397,2012,5,2,20,0,3,-79.86579895,40.40119934,,"serious",2,2,1647.33813477,2,2,1
2012055023,2012,6,7,10,0,8,-80.00610352,40.31539917,25,"unknown",0,5,993.741943359,0,5,1
2012055034,2012,6,7,13,99,4,-79.99700165,40.59209824,25,"slight",0,5,111.394508362,0,5,1
2012058217,2012,6,6,17,0,8,-80.01820374,40.46390152,25,"unknown",1,2,245.41317749,1,2,1
2012058284,2012,6,2,16,0,4,-79.9910965,40.40879822,25,"slight",0,5,993.741943359,0,5,1
2012058402,2012,6,1,17,0,2,-79.82730103,40.37599945,35,"serious",2,2,1647.33813477,2,2,1
2012058883,2012,5,5,20,0,3,-80.11630249,40.41159821,40,"serious",0,5,993.741943359,0,5,1
2012059482,2012,6,5,10,0,8,-79.95249939,40.46609879,25,"unknown",0,5,111.394508362,0,5,1
2012059667,2012,6,5,19,0,4,-79.93049622,40.45119858,25,"slight",1,2,664.280395508,1,2,1
2012061940,2012,6,5,7,7,4,-79.9312973,40.45809937,25,"slight",1,2,664.280395508,1,2,1
2012062832,2012,6,4,99,0,3,-79.959198,40.49980164,25,"serious",0,5,111.394508362,0,5,1
2012063649,2012,6,3,22,0,8,-79.93080139,40.45610046,25,"unknown",1,2,664.280395508,1,2,1
2012065758,2012,7,1,23,0,4,-80.06500244,40.4754982,35,"slight",1,2,245.41317749,1,2,1
2012066379,2012,7,5,13,0,8,-79.97290039,40.43780136,25,"unknown",0,5,993.741943359,0,5,1
2012066890,2012,7,5,18,0,3,-79.86489868,40.49200058,25,"serious",2,2,1647.33813477,2,2,1
2012067585,2012,7,7,2,0,3,-79.97889709,40.42860031,25,"serious",0,5,993.741943359,0,5,1
2012067898,2012,7,6,12,0,3,-80.20290375,40.50880051,35,"serious",1,2,245.41317749,1,2,1
2012068960,2012,7,4,17,0,8,-80.19110107,40.52149963,25,"unknown",1,2,245.41317749,1,2,1
2012069273,2012,7,5,11,7,4,-79.98110199,40.38679886,25,"slight",0,5,993.741943359,0,5,1
2012070574,2012,7,7,20,0,4,-79.98320007,40.29069901,25,"slight",0,5,993.741943359,0,5,1
2012071218,2012,7,4,17,0,8,-79.94750214,40.4538002,25,"unknown",0,5,111.394508362,0,5,1
2012071565,2012,7,3,9,0,3,-80.22229767,40.51340103,35,"serious",1,2,245.41317749,1,2,1
2012072353,2012,7,2,99,0,3,-79.96299744,40.48740005,25,"serious",0,5,111.394508362,0,5,1
2012072657,2012,7,1,21,0,8,-80.00499725,40.4095993,25,"unknown",0,5,993.741943359,0,5,1
2012073350,2012,7,4,5,0,1,-79.89769745,40.44800186,35,"fatal",2,2,1647.33813477,2,2,1
2012074674,2012,7,7,16,0,4,-79.75150299,40.60639954,15,"slight",2,2,1647.33813477,2,2,1
2012075486,2012,7,2,99,0,4,-79.96360016,40.52679825,30,"slight",0,5,111.394508362,0,5,1
2012075870,2012,7,5,14,0,4,-79.91239929,40.45399857,35,"slight",2,2,1647.33813477,2,2,1
2012075901,2012,8,4,11,0,4,-79.88680267,40.42340088,25,"slight",2,2,1647.33813477,2,2,1
2012078079,2012,8,4,8,0,8,-80.01850128,40.40610123,35,"unknown",0,5,993.741943359,0,5,1
2012078763,2012,8,4,17,0,2,-79.81330109,40.49980164,30,"serious",2,2,1647.33813477,2,2,1
2012078812,2012,8,4,17,0,8,-80.03099823,40.39199829,20,"unknown",0,5,993.741943359,0,5,1
2012079574,2012,8,7,17,0,3,-79.88899994,40.32600021,25,"serious",0,5,662.396118164,0,5,1
2012079858,2012,8,1,20,0,4,-80.20649719,40.44110107,35,"slight",0,5,993.741943359,0,5,1
2012080201,2012,8,2,19,0,4,-79.81700134,40.37770081,55,"slight",2,2,1647.33813477,2,2,1
2012084608,2012,8,6,8,0,4,-79.99120331,40.44649887,25,"slight",1,2,245.41317749,1,2,1
2012084612,2012,8,1,14,0,4,-80.01329803,40.45660019,,"slight",1,2,245.41317749,1,2,1
2012086258,2012,8,5,11,0,3,-80.00260162,40.45619965,35,"serious",1,2,245.41317749,1,2,1
2012086408,2012,8,5,20,0,8,-79.9131012,40.43799973,25,"unknown",2,2,1647.33813477,2,2,1
2012086583,2012,8,6,10,0,4,-79.9858017,40.44990158,25,"slight",1,2,245.41317749,1,2,1
2012086744,2012,8,6,20,0,4,-79.98339844,40.42879868,25,"slight",0,5,993.741943359,0,5,1
2012090505,2012,9,4,8,0,0,-79.95659637,40.46910095,25,"slight",0,5,111.394508362,0,5,1
2012090548,2012,9,4,16,0,8,-79.95269775,40.44179916,25,"unknown",1,2,245.41317749,1,2,1
2012090889,2012,9,5,15,0,8,-79.99759674,40.43009949,25,"unknown",0,5,993.741943359,0,5,1
2012090909,2012,9,5,17,0,4,-79.94139862,40.45759964,25,"slight",0,5,111.394508362,0,5,1
2012091271,2012,9,6,16,0,4,-80.07369995,40.47449875,25,"slight",1,2,245.41317749,1,2,1
2012093411,2012,9,4,22,0,8,-79.98410034,40.36380005,40,"unknown",0,5,993.741943359,0,5,1
2012093862,2012,9,6,18,0,8,-79.84200287,40.33140182,25,"unknown",2,2,1647.33813477,2,2,1
2012094058,2012,9,7,17,7,3,-80.0059967,40.60520172,25,"serious",0,5,111.394508362,0,5,1
2012095144,2012,9,3,20,0,4,-79.9131012,40.43799973,25,"slight",2,2,1647.33813477,2,2,1
2012095749,2012,9,4,18,0,3,-79.91739655,40.45740128,55,"serious",1,2,664.280395508,1,2,1
2012097182,2012,10,2,11,0,3,-79.97070313,40.43709946,25,"serious",0,5,993.741943359,0,5,1
2012098123,2012,10,4,11,0,8,-80.0007019,40.43709946,25,"unknown",0,5,993.741943359,0,5,1
2012098737,2012,10,4,19,0,4,-80.0007019,40.44889832,45,"slight",1,2,245.41317749,1,2,1
2012100563,2012,10,3,13,0,8,-79.998703,40.43719864,25,"unknown",0,5,993.741943359,0,5,1
2012100926,2012,10,3,14,0,4,-79.94670105,40.45449829,55,"slight",0,5,111.394508362,0,5,1
2012101848,2012,10,6,13,0,4,-80.01519775,40.36619949,35,"slight",0,5,993.741943359,0,5,1
2012102171,2012,10,7,19,0,8,-79.95040131,40.46459961,25,"unknown",0,5,111.394508362,0,5,1
2012103184,2012,10,3,16,0,4,-79.92310333,40.43980026,25,"slight",1,2,909.977172852,1,2,1
2012104265,2012,10,5,17,0,4,-80.0664978,40.3689003,25,"slight",0,5,993.741943359,0,5,1
2012107102,2012,7,3,22,0,1,-79.89279938,40.44630051,25,"fatal",2,2,1647.33813477,2,2,1
2012107351,2012,10,7,1,0,3,-79.96109772,40.46220016,35,"serious",0,5,111.394508362,0,5,1
2012107354,2012,10,7,2,3,8,-79.96710205,40.46160126,25,"unknown",0,5,111.394508362,0,5,1
2012111700,2012,11,4,17,0,8,-79.93260193,40.45769882,25,"unknown",1,2,664.280395508,1,2,1
2012113233,2012,11,1,20,0,8,-80.0530014,40.46419907,35,"unknown",1,2,245.41317749,1,2,1
2012113846,2012,11,3,13,0,4,-79.9260025,40.44400024,25,"slight",1,2,664.280395508,1,2,1
2012114579,2012,11,4,19,0,3,-79.95559692,40.44630051,25,"serious",1,2,245.41317749,1,2,1
2012115242,2012,11,7,13,0,8,-79.72609711,40.50130081,25,"unknown",2,2,1647.33813477,2,2,1
2012120699,2012,11,6,18,0,3,-79.96369934,40.46979904,45,"serious",0,5,111.394508362,0,5,1
2012125729,2012,12,4,16,0,3,-79.94860077,40.44440079,25,"serious",1,2,245.41317749,1,2,1
2012128851,2012,12,5,17,0,2,-79.95130157,40.46530151,25,"serious",0,5,111.394508362,0,5,1
2013011909,2012,7,1,12,0,8,-79.85939789,40.49459839,25,"unknown",2,2,1647.33813477,2,2,1
2013001581,2013,1,4,20,3,4,-80.05539703,40.47600174,35,"slight",1,2,245.41317749,1,2,1
2013005387,2013,1,2,18,0,8,-79.92379761,40.46369934,55,"unknown",1,2,664.280395508,1,2,1
2013005620,2013,1,2,22,0,4,-79.94470215,40.41130066,25,"slight",0,5,993.741943359,0,5,1
2013006932,2013,1,1,18,0,8,-80.03520203,40.3429985,25,"unknown",0,5,993.741943359,0,5,1
2013010061,2013,1,7,13,0,3,-79.99359894,40.3893013,25,"serious",0,5,993.741943359,0,5,1
2013019808,2013,2,5,21,0,4,-79.94249725,40.44739914,25,"slight",0,5,111.394508362,0,5,1
2013020277,2013,2,7,2,0,3,-79.98529816,40.42879868,25,"serious",0,5,993.741943359,0,5,1
2013020720,2013,2,1,18,0,3,-79.99610138,40.43830109,25,"serious",0,5,993.741943359,0,5,1
2013020747,2013,2,1,21,0,4,-79.93409729,40.4571991,25,"slight",1,2,664.280395508,1,2,1
2013026863,2013,3,4,11,0,8,-79.99659729,40.44329834,25,"unknown",1,2,245.41317749,1,2,1
2013027472,2013,3,5,22,0,8,-79.95549774,40.41109848,55,"unknown",0,5,993.741943359,0,5,1
2013031547,2013,3,3,11,0,4,-79.93890381,40.4477005,25,"slight",1,2,28.911233902,1,2,1
2013031778,2013,3,3,19,0,3,-79.92769623,40.43799973,25,"serious",1,2,523.535827637,1,2,1
2013034898,2013,3,5,6,0,8,-79.82679749,40.34000015,25,"unknown",2,2,1647.33813477,2,2,1
2013036859,2013,4,3,17,0,8,-79.76750183,40.48460007,25,"unknown",2,2,1647.33813477,2,2,1
2013039060,2013,4,7,1,0,4,-79.95089722,40.46269989,25,"slight",0,5,111.394508362,0,5,1
2013042857,2013,4,2,17,0,2,-79.90139771,40.44589996,25,"serious",2,2,1647.33813477,2,2,1
2013044010,2013,4,4,17,0,8,-79.99089813,40.43930054,25,"unknown",0,5,993.741943359,0,5,1
2013044427,2013,4,7,11,0,4,-79.96649933,40.43920135,25,"slight",0,5,993.741943359,0,5,1
2013045332,2013,4,3,13,0,8,-79.94219971,40.44049835,20,"unknown",1,2,7.9903717041,1,2,1
2013046748,2013,5,7,16,0,3,-79.99359894,40.3893013,25,"serious",0,5,993.741943359,0,5,1
2013051621,2013,5,5,17,7,4,-79.88420105,40.43399811,25,"slight",2,2,1647.33813477,2,2,1
2013052204,2013,5,3,8,0,4,-79.94529724,40.45489883,55,"slight",0,5,111.394508362,0,5,1
2013052918,2013,5,6,17,0,4,-79.92459869,40.4620018,25,"slight",1,2,664.280395508,1,2,1
2013053152,2013,5,5,17,0,8,-80.00499725,40.44919968,25,"unknown",1,2,245.41317749,1,2,1
2013056929,2013,6,2,16,0,4,-79.99810028,40.44290161,25,"slight",1,2,245.41317749,1,2,1
2013058375,2013,6,7,18,7,8,-80.16320038,40.51819992,45,"unknown",1,2,245.41317749,1,2,1
2013059485,2013,6,2,13,0,8,-80.01490021,40.45489883,25,"unknown",1,2,245.41317749,1,2,1
2013059748,2013,6,2,0,0,3,-79.94730377,40.44710159,25,"serious",0,5,111.394508362,0,5,1
2013060244,2013,6,3,13,0,4,-79.77670288,40.4375,35,"slight",2,2,1647.33813477,2,2,1
2013060265,2013,6,3,13,0,4,-79.84580231,40.37350082,25,"slight",2,2,1647.33813477,2,2,1
2013060686,2013,6,4,6,0,3,-79.90470123,40.54610062,45,"serious",1,2,664.280395508,1,2,1
2013060930,2013,6,6,15,0,4,-80.00499725,40.44919968,35,"slight",1,2,245.41317749,1,2,1
2013061125,2013,6,6,19,0,8,-79.9858017,40.45100021,25,"unknown",1,2,245.41317749,1,2,1
2013061544,2013,6,1,22,0,3,-79.92970276,40.44979858,25,"serious",1,2,664.280395508,1,2,1
2013062878,2013,6,4,21,0,3,-79.88800049,40.28450012,25,"serious",0,5,662.396118164,0,5,1
2013063363,2013,6,4,14,7,3,-79.89420319,40.48699951,35,"serious",2,2,1647.33813477,2,2,1
2013064011,2013,6,1,18,0,8,-79.98829651,40.38819885,25,"unknown",0,5,993.741943359,0,5,1
2013064612,2013,6,3,12,0,8,-79.9552002,40.46559906,25,"unknown",0,5,111.394508362,0,5,1
2013064949,2013,6,4,10,0,4,-80.07260132,40.4844017,35,"slight",1,2,245.41317749,1,2,1
2013065081,2013,6,4,19,0,4,-79.9641037,40.46699905,25,"slight",0,5,111.394508362,0,5,1
2013066220,2013,6,5,14,0,3,-80.00589752,40.35839844,25,"serious",0,5,993.741943359,0,5,1
2013067099,2013,7,2,19,0,3,-80.00240326,40.42179871,25,"serious",0,5,993.741943359,0,5,1
2013067548,2013,7,3,16,0,4,-79.84929657,40.49069977,45,"slight",2,2,1647.33813477,2,2,1
2013067971,2013,7,3,8,0,2,-80.08760071,40.40829849,35,"serious",0,5,993.741943359,0,5,1
2013069807,2013,7,4,19,0,3,-79.99610138,40.45759964,25,"serious",1,2,245.41317749,1,2,1
2013070579,2013,7,6,17,0,4,-80.01629639,40.34199905,35,"slight",0,5,993.741943359,0,5,1
2013070760,2013,7,6,3,0,3,-79.95729828,40.44509888,25,"serious",1,2,245.41317749,1,2,1
2013071013,2013,7,6,16,0,1,-79.93640137,40.37929916,25,"fatal",0,5,993.741943359,0,5,1
2013071745,2013,7,2,13,0,3,-79.99819946,40.44079971,25,"serious",0,5,993.741943359,0,5,1
2013072409,2013,7,3,18,0,8,-79.92690277,40.46210098,25,"unknown",1,2,664.280395508,1,2,1
2013072743,2013,7,4,19,0,3,-79.94999695,40.46210098,25,"serious",0,5,111.394508362,0,5,1
2013072748,2013,7,4,21,0,8,-80.08249664,40.41009903,35,"unknown",0,5,993.741943359,0,5,1
2013072922,2013,7,5,15,0,3,-79.95860291,40.44839859,25,"serious",1,2,245.41317749,1,2,1
2013072926,2013,7,5,16,0,4,-79.91529846,40.45360184,25,"slight",1,2,664.280395508,1,2,1
2013073032,2013,7,5,21,0,8,-79.99539948,40.45769882,25,"unknown",1,2,245.41317749,1,2,1
2013073488,2013,7,4,19,0,4,-79.93840027,40.40100098,25,"slight",0,5,993.741943359,0,5,1
2013073588,2013,7,6,8,0,4,-79.95220184,40.4822998,25,"slight",0,5,111.394508362,0,5,1
2013073656,2013,7,1,15,0,4,-80.09580231,40.39630127,25,"slight",0,5,993.741943359,0,5,1
2013076254,2013,7,2,16,0,8,-79.97399902,40.4408989,25,"unknown",1,2,245.41317749,1,2,1
2013077813,2013,8,6,8,0,3,-79.95159912,40.44229889,25,"serious",1,2,245.41317749,1,2,1
2013078041,2013,8,6,20,0,4,-79.91750336,40.46340179,35,"slight",1,2,664.280395508,1,2,1
2013081157,2013,8,2,12,0,8,-80.08370209,40.41120148,25,"unknown",0,5,993.741943359,0,5,1
2013082210,2013,8,4,7,0,3,-80.01450348,40.45399857,25,"serious",1,2,245.41317749,1,2,1
2013082976,2013,8,1,14,0,8,-79.91230011,40.40589905,25,"unknown",0,5,662.396118164,0,5,1
2013084187,2013,8,4,17,0,3,-79.9285965,40.42779922,35,"serious",0,5,662.396118164,0,5,1
2013085422,2013,8,2,8,0,3,-79.94249725,40.44739914,35,"serious",0,5,111.394508362,0,5,1
2013085594,2013,8,2,19,0,3,-80.02739716,40.43899918,25,"serious",0,5,993.741943359,0,5,1
2013085627,2013,8,6,10,0,4,-79.99810028,40.39619827,25,"slight",0,5,993.741943359,0,5,1
2013086086,2013,7,7,17,0,1,-80.19000244,40.53099823,45,"fatal",1,2,245.41317749,1,2,1
2013086993,2013,8,7,14,0,4,-80.18939972,40.4878006,30,"slight",1,2,245.41317749,1,2,1
2013087087,2013,8,5,19,0,8,-80.06860352,40.45289993,25,"unknown",1,2,245.41317749,1,2,1
2013087090,2013,8,5,20,0,4,-80.08480072,40.40810013,25,"slight",0,5,993.741943359,0,5,1
2013087255,2013,8,6,15,0,4,-79.95089722,40.43989944,25,"slight",1,2,245.41317749,1,2,1
2013087423,2013,8,7,0,0,4,-79.99690247,40.43939972,25,"slight",0,5,993.741943359,0,5,1
2013090450,2013,9,3,16,0,3,-79.89420319,40.40829849,35,"serious",2,2,1647.33813477,2,2,1
2013091586,2013,9,6,16,0,3,-80.01429749,40.4659996,25,"serious",1,2,245.41317749,1,2,1
2013092946,2013,9,4,7,0,8,-79.94779968,40.46289825,25,"unknown",0,5,111.394508362,0,5,1
2013094413,2013,9,3,18,0,8,-79.91950226,40.43909836,25,"unknown",2,2,1647.33813477,2,2,1
2013095603,2013,9,4,15,0,4,-79.88439941,40.28929901,25,"slight",0,5,662.396118164,0,5,1
2013096926,2013,9,1,14,0,4,-79.915802,40.45980072,25,"slight",1,2,664.280395508,1,2,1
2013097087,2013,9,6,6,0,3,-79.94200134,40.45589828,35,"serious",0,5,111.394508362,0,5,1
2013099229,2013,10,7,13,7,4,-79.76999664,40.4375,35,"slight",2,2,1647.33813477,2,2,1
2013099249,2013,10,7,99,0,8,-79.96209717,40.52470016,25,"unknown",0,5,111.394508362,0,5,1
2013099833,2013,10,2,17,0,4,-80.01750183,40.44680023,25,"slight",1,2,245.41317749,1,2,1
2013102757,2013,10,2,19,0,4,-80.00160217,40.43099976,25,"slight",0,5,993.741943359,0,5,1
2013104328,2013,10,6,9,0,4,-79.92970276,40.48260117,20,"slight",1,2,664.280395508,1,2,1
2013110279,2013,11,2,8,0,8,-79.97290039,40.45869827,25,"unknown",1,2,245.41317749,1,2,1
2013113754,2013,11,2,12,0,4,-80.04389954,40.39070129,25,"slight",0,5,993.741943359,0,5,1
2013115617,2013,11,6,14,0,8,-79.95739746,40.43809891,25,"unknown",0,5,993.741943359,0,5,1
2013115634,2013,11,6,12,0,4,-79.91999817,40.46500015,35,"slight",1,2,664.280395508,1,2,1
2013122437,2013,12,4,13,0,3,-79.95780182,40.46519852,25,"serious",0,5,111.394508362,0,5,1
2013132441,2013,12,3,16,0,4,-79.79170227,40.43149948,25,"slight",2,2,1647.33813477,2,2,1
2014004460,2014,1,6,18,0,4,-79.91449738,40.46530151,25,"slight",1,2,664.280395508,1,2,1
2014016899,2014,1,5,16,0,4,-79.99690247,40.44279861,25,"slight",1,2,245.41317749,1,2,1
2014019014,2014,2,4,11,0,8,-79.92980194,40.42179871,25,"unknown",0,5,662.396118164,0,5,1
2014022877,2014,2,6,17,0,4,-79.95459747,40.43460083,25,"slight",0,5,993.741943359,0,5,1
2014028876,2014,3,3,17,0,8,-79.70639801,40.48410034,,"unknown",2,2,1647.33813477,2,2,1
2014031684,2014,3,3,17,0,8,-80.03479767,40.4408989,55,"unknown",0,5,993.741943359,0,5,1
2014036769,2014,4,5,8,0,4,-79.9464035,40.43870163,25,"slight",2,2,232.316360474,2,2,1
2014038272,2014,4,2,17,0,4,-79.95580292,40.44129944,25,"slight",1,2,245.41317749,1,2,1
2014040744,2014,4,2,18,0,4,-79.85350037,40.37210083,15,"slight",2,2,1647.33813477,2,2,1
2014041326,2014,4,7,14,0,8,-80.0161972,40.32529831,25,"unknown",0,5,993.741943359,0,5,1
2014042379,2014,4,3,19,0,8,-79.98719788,40.44850159,25,"unknown",1,2,245.41317749,1,2,1
2014043498,2014,4,6,18,0,8,-79.92459869,40.4620018,25,"unknown",1,2,664.280395508,1,2,1
2014043538,2014,4,7,0,0,8,-79.81220245,40.30410004,35,"unknown",2,2,1647.33813477,2,2,1
2014043716,2014,4,5,18,0,4,-79.90299988,40.40060043,,"slight",1,2,523.535827637,1,2,1
2014044192,2014,4,2,18,0,8,-79.90820313,40.46220016,25,"unknown",2,2,1647.33813477,2,2,1
2014046004,2014,5,1,15,0,4,-80.06169891,40.45600128,25,"slight",1,2,245.41317749,1,2,1
2014047289,2014,5,5,9,0,8,-79.92120361,40.42919922,25,"unknown",1,2,523.535827637,1,2,1
2014048373,2014,5,2,19,0,8,-80.05549622,40.45859909,25,"unknown",1,2,245.41317749,1,2,1
2014049436,2014,5,5,17,0,4,-79.91300201,40.44979858,25,"slight",2,2,1647.33813477,2,2,1
2014052667,2014,5,7,13,0,3,-80.00769806,40.45880127,25,"serious",1,2,245.41317749,1,2,1
2014052747,2014,5,7,19,0,4,-79.88729858,40.47069931,25,"slight",2,2,1647.33813477,2,2,1
2014053112,2014,5,1,13,0,8,-79.92430115,40.46020126,55,"unknown",1,2,664.280395508,1,2,1
2014054082,2014,5,4,13,0,3,-79.99639893,40.30659866,25,"serious",0,5,993.741943359,0,5,1
2014054108,2014,5,7,16,0,3,-80.02249908,40.4762001,25,"serious",1,2,245.41317749,1,2,1
2014055126,2014,5,7,18,0,4,-79.84770203,40.36959839,25,"slight",2,2,1647.33813477,2,2,1
2014055156,2014,5,5,20,0,8,-79.91010284,40.44879913,25,"unknown",2,2,1647.33813477,2,2,1
2014057777,2014,6,2,16,0,3,-79.93930054,40.41479874,25,"serious",0,5,993.741943359,0,5,1
2014058538,2014,6,4,16,0,8,-80.05519867,40.45240021,25,"unknown",1,2,245.41317749,1,2,1
2014059635,2014,6,7,13,0,3,-80.18859863,40.52590179,20,"serious",1,2,245.41317749,1,2,1
2014059837,2014,6,5,21,0,4,-79.98860168,40.4137001,25,"slight",0,5,993.741943359,0,5,1
2014059913,2014,6,4,13,99,4,-80.01779938,40.44800186,,"slight",1,2,245.41317749,1,2,1
2014060230,2014,6,1,19,0,4,-79.94400024,40.40980148,25,"slight",0,5,993.741943359,0,5,1
2014061573,2014,6,5,16,0,4,-79.96669769,40.43650055,25,"slight",0,5,993.741943359,0,5,1
2014062093,2014,6,6,16,0,4,-80.0345993,40.52230072,30,"slight",0,5,111.394508362,0,5,1
2014062216,2014,6,7,21,0,4,-79.89520264,40.44710159,25,"slight",2,2,1647.33813477,2,2,1
2014062983,2014,6,3,9,0,4,-79.80999756,40.48099899,35,"slight",2,2,1647.33813477,2,2,1
2014064453,2014,6,1,14,0,8,-79.96399689,40.46720123,25,"unknown",0,5,111.394508362,0,5,1
2014065808,2014,7,4,23,7,3,-80.22769928,40.44380188,25,"serious",0,5,993.741943359,0,5,1
2014066146,2014,7,5,23,0,8,-79.98819733,40.41669846,25,"unknown",0,5,993.741943359,0,5,1
2014066358,2014,7,6,23,0,8,-79.93730164,40.44779968,25,"unknown",1,2,56.6059608459,1,2,1
2014066639,2014,6,1,14,8,4,-80.00109863,40.43650055,25,"slight",0,5,993.741943359,0,5,1
2014066777,2014,7,6,13,0,3,-79.89170074,40.42559814,25,"serious",2,2,1647.33813477,2,2,1
2014067134,2014,7,3,11,0,8,-79.91639709,40.5082016,35,"unknown",1,2,664.280395508,1,2,1
2014068562,2014,7,5,21,0,4,-79.9131012,40.43799973,25,"slight",2,2,1647.33813477,2,2,1
2014068892,2014,7,3,15,0,4,-79.80619812,40.38349915,25,"slight",2,2,1647.33813477,2,2,1
2014070002,2014,7,3,99,0,2,-79.96330261,40.49409866,35,"serious",0,5,111.394508362,0,5,1
2014070409,2014,7,4,20,0,3,-80.03160095,40.52099991,25,"serious",0,5,111.394508362,0,5,1
2014071588,2014,7,2,8,7,4,-79.96769714,40.4612999,25,"slight",0,5,111.394508362,0,5,1
2014071603,2014,7,6,14,0,3,-79.91560364,40.46509933,25,"serious",1,2,664.280395508,1,2,1
2014072296,2014,7,2,17,0,8,-80.08149719,40.3885994,25,"unknown",0,5,993.741943359,0,5,1
2014072679,2014,7,5,11,0,4,-79.95220184,40.4822998,25,"slight",0,5,111.394508362,0,5,1
2014073118,2014,7,7,0,0,3,-79.99500275,40.44219971,25,"serious",1,2,245.41317749,1,2,1
2014074908,2014,7,5,17,0,3,-80.01319885,40.39220047,,"serious",0,5,993.741943359,0,5,1
2014075483,2014,7,6,8,0,8,-79.90110016,40.45849991,25,"unknown",2,2,1647.33813477,2,2,1
2014075591,2014,8,7,21,0,4,-79.93859863,40.46459961,25,"slight",1,2,664.280395508,1,2,1
2014075914,2014,7,4,12,0,4,-80.04750061,40.29930115,25,"slight",0,5,993.741943359,0,5,1
2014076248,2014,8,3,8,0,3,-79.94819641,40.44079971,25,"serious",1,2,245.41317749,1,2,1
2014076553,2014,8,4,9,0,3,-79.95729828,40.46279907,25,"serious",0,5,111.394508362,0,5,1
2014076982,2014,8,4,22,0,3,-80.05960083,40.39110184,35,"serious",0,5,993.741943359,0,5,1
2014078500,2014,8,3,16,0,4,-79.9496994,40.45980072,25,"slight",0,5,111.394508362,0,5,1
2014079044,2014,8,4,18,0,8,-79.82949829,40.34370041,25,"unknown",2,2,1647.33813477,2,2,1
2014079642,2014,8,4,19,7,4,-79.80400085,40.31019974,25,"slight",2,2,1647.33813477,2,2,1
2014082521,2014,8,1,13,0,4,-79.85240173,40.25529861,40,"slight",0,5,662.396118164,0,5,1
2014085213,2014,7,6,19,0,8,-79.88970184,40.4007988,25,"unknown",2,2,1647.33813477,2,2,1
2014085267,2014,9,3,7,7,8,-79.92539978,40.45479965,25,"unknown",1,2,664.280395508,1,2,1
2014087175,2014,8,2,12,0,3,-79.9477005,40.45439911,35,"serious",0,5,111.394508362,0,5,1
2014089261,2014,9,5,7,0,8,-79.94010162,40.46390152,25,"unknown",0,5,111.394508362,0,5,1
2014089387,2014,9,3,9,0,2,-80.17749786,40.52310181,35,"serious",1,2,245.41317749,1,2,1
2014089526,2014,9,5,5,0,8,-79.92939758,40.45970154,35,"unknown",1,2,664.280395508,1,2,1
2014093938,2014,9,5,13,8,4,-79.95850372,40.43249893,30,"slight",0,5,993.741943359,0,5,1
2014095029,2014,9,6,16,0,8,-80.22070313,40.5163002,30,"unknown",1,2,245.41317749,1,2,1
2014095080,2014,9,2,13,0,8,-79.9138031,40.46039963,35,"unknown",1,2,664.280395508,1,2,1
2014098182,2014,10,3,15,0,8,-79.93090057,40.45920181,35,"unknown",1,2,664.280395508,1,2,1
2014099714,2014,10,6,18,0,4,-79.97730255,40.41149902,25,"slight",0,5,993.741943359,0,5,1
2014103690,2014,10,3,18,0,8,-80.0134964,40.46730042,25,"unknown",1,2,245.41317749,1,2,1
2014106253,2014,10,3,15,0,2,-79.78549957,40.47769928,35,"serious",2,2,1647.33813477,2,2,1
2014107909,2014,3,2,13,0,4,-80.11319733,40.35680008,25,"slight",0,5,993.741943359,0,5,1
2014107917,2014,8,3,18,0,4,-80.11119843,40.3608017,25,"slight",0,5,993.741943359,0,5,1
2014109540,2014,11,3,22,0,8,-79.94889832,40.4939003,25,"unknown",0,5,111.394508362,0,5,1
2014111965,2014,11,3,16,0,8,-80.06359863,40.44910049,25,"unknown",1,2,245.41317749,1,2,1
2014112195,2014,11,4,8,0,4,-79.97949982,40.43830109,25,"slight",0,5,993.741943359,0,5,1
2014121975,2014,11,4,5,99,4,-79.94190216,40.49679947,25,"slight",1,2,664.280395508,1,2,1
2014127943,2014,12,5,17,7,8,-79.94750214,40.44749832,25,"unknown",0,5,111.394508362,0,5,1
2014132216,2014,12,3,16,0,3,-79.99240112,40.44580078,25,"serious",1,2,245.41317749,1,2,1
2016018437,2016,1,1,11,0,4,-80.1859,40.4841,30,"slight",1,2,245.41317749,1,2,1
2016063381,2016,6,4,8,0,3,-79.9953,40.4436,25,"serious",1,2,245.41317749,1,2,1
2016047580,2016,5,3,18,0,3,-79.7471,40.4387,45,"serious",2,2,1647.33813477,2,2,1
2016038627,2016,4,5,17,0,3,-79.994,40.4436,25,"serious",1,2,245.41317749,1,2,1
2016047366,2016,5,2,11,0,3,-79.893,40.4536,25,"serious",2,2,1647.33813477,2,2,1
2016035496,2016,4,3,19,0,3,-79.9131,40.438,35,"serious",2,2,1647.33813477,2,2,1
2016017644,2016,2,1,14,0,8,-80.0059,40.4173,25,"unknown",0,5,993.741943359,0,5,1
2016049635,2016,5,2,12,0,3,-79.8994,40.4092,25,"serious",1,2,523.535827637,1,2,1
2016064228,2016,6,5,18,0,3,-79.9389,40.462,35,"serious",0,5,111.394508362,0,5,1
2016002320,2016,1,5,15,0,3,-79.8939,40.4489,25,"serious",2,2,1647.33813477,2,2,1
2016108372,2016,10,6,14,0,4,-80.014,40.3664,25,"slight",0,5,993.741943359,0,5,1
2016030611,2016,3,2,8,0,8,-79.984,40.4511,25,"unknown",1,2,245.41317749,1,2,1
2016028004,2016,3,7,18,0,2,-79.9834,40.5756,35,"serious",0,5,111.394508362,0,5,1
2016051150,2016,5,6,8,0,8,-79.921,40.4697,35,"unknown",1,2,664.280395508,1,2,1
2016042396,2016,4,2,17,0,3,-79.807,40.383,25,"serious",2,2,1647.33813477,2,2,1
2016001643,2016,1,3,18,0,8,-79.9844,40.4216,25,"unknown",0,5,993.741943359,0,5,1
2016046639,2016,5,7,14,0,3,-80.0059,40.6051,25,"serious",0,5,111.394508362,0,5,1
2016042260,2016,4,2,15,0,8,-79.9745,40.4372,25,"unknown",0,5,993.741943359,0,5,1
2016059547,2016,6,1,12,0,8,-79.9924,40.4458,25,"unknown",1,2,245.41317749,1,2,1
2016050996,2016,5,2,17,0,3,-79.938,40.4268,35,"serious",0,5,993.741943359,0,5,1
2016030029,2016,3,6,18,0,3,-79.9746,40.4284,25,"serious",0,5,993.741943359,0,5,1
2016013415,2016,2,4,18,0,3,-79.9131,40.438,35,"serious",2,2,1647.33813477,2,2,1
2016059025,2016,5,3,15,7,4,-79.951,40.4496,25,"slight",0,5,111.394508362,0,5,1
2016017409,2016,2,7,15,1,4,-80.0046,40.4492,25,"slight",1,2,245.41317749,1,2,1
2016026315,2016,3,3,18,0,8,-79.9166,40.4093,25,"unknown",0,5,662.396118164,0,5,1
2016045171,2016,5,3,23,0,2,-79.9327,40.4643,25,"serious",1,2,664.280395508,1,2,1
2016010131,2016,1,2,21,0,3,-79.949,40.4616,25,"serious",0,5,111.394508362,0,5,1
2016063413,2016,6,6,17,0,2,-80.1434,40.5045,25,"serious",1,2,245.41317749,1,2,1
2016038945,2016,4,6,18,0,8,-79.8921,40.4534,25,"unknown",2,2,1647.33813477,2,2,1
2016055525,2016,6,4,8,0,8,-79.9479,40.4411,25,"unknown",1,2,245.41317749,1,2,1
2016086689,2016,8,4,7,0,8,-79.9626,40.4272,25,"unknown",0,5,993.741943359,0,5,1
2016094340,2016,9,4,17,0,8,-79.8726,40.2729,25,"unknown",0,5,662.396118164,0,5,1
2016075895,2016,7,4,19,0,8,-79.8807,40.2961,25,"unknown",0,5,662.396118164,0,5,1
2016120171,2016,11,4,18,0,3,-79.9293,40.4571,25,"serious",1,2,664.280395508,1,2,1
2016082545,2016,8,6,19,0,8,-79.9325,40.4548,25,"unknown",1,2,664.280395508,1,2,1
2016069697,2016,7,6,20,0,4,-80.1009,40.3702,40,"slight",0,5,993.741943359,0,5,1
2016058261,2016,6,3,21,0,3,-79.9564,40.4457,25,"serious",1,2,245.41317749,1,2,1
2016082836,2016,8,7,19,0,3,-79.9556,40.4694,25,"serious",0,5,111.394508362,0,5,1
2016104193,2016,10,2,11,0,3,-79.991,40.4286,25,"serious",0,5,993.741943359,0,5,1
2016056158,2016,6,4,16,0,4,-80.0916,40.6543,45,"slight",0,5,111.394508362,0,5,1
2016065794,2016,6,5,17,0,4,-80.0145,40.3666,35,"slight",0,5,993.741943359,0,5,1
2016064867,2016,6,6,7,0,8,-79.8374,40.4667,25,"unknown",2,2,1647.33813477,2,2,1
2016094316,2016,9,4,17,0,0,-79.9235,40.4604,25,"slight",1,2,664.280395508,1,2,1
2016120753,2016,11,5,18,0,3,-79.9214,40.469,35,"serious",1,2,664.280395508,1,2,1
2016078844,2016,8,6,7,0,4,-79.8438,40.5346,45,"slight",2,2,1647.33813477,2,2,1
2016102295,2016,10,3,13,0,8,-79.9251,40.444,25,"unknown",1,2,664.280395508,1,2,1
2016131108,2016,12,4,18,0,3,-80.0317,40.3778,25,"serious",0,5,993.741943359,0,5,1
2016068566,2016,7,5,8,7,3,-79.9201,40.4512,25,"serious",1,2,664.280395508,1,2,1
2016079542,2016,8,7,16,0,3,-79.9973,40.4191,25,"serious",0,5,993.741943359,0,5,1
2016104110,2016,10,3,13,0,3,-80.056,40.3882,35,"serious",0,5,993.741943359,0,5,1
2016049362,2016,5,1,16,7,3,-80.0058,40.6051,25,"serious",0,5,111.394508362,0,5,1
2016055581,2016,6,4,8,0,8,-79.9971,40.5567,15,"unknown",0,5,111.394508362,0,5,1
2016107445,2016,10,2,99,0,8,-79.9657,40.5296,25,"unknown",0,5,111.394508362,0,5,1
2016107141,2016,10,7,11,0,8,-79.8966,40.4565,25,"unknown",2,2,1647.33813477,2,2,1
2016081374,2016,8,4,12,0,8,-79.9671,40.4616,25,"unknown",0,5,111.394508362,0,5,1
2016083358,2016,8,2,16,7,4,-79.9885,40.4285,25,"slight",0,5,993.741943359,0,5,1
2016099261,2016,9,3,23,0,3,-80.0103,40.4473,25,"serious",1,2,245.41317749,1,2,1
2016082010,2016,8,5,17,0,3,-79.9059,40.4671,35,"serious",2,2,1647.33813477,2,2,1
2016083516,2016,8,2,6,0,4,-79.9762,40.4285,25,"slight",0,5,993.741943359,0,5,1
2016087115,2016,8,4,17,0,8,-79.9175,40.494,25,"unknown",1,2,664.280395508,1,2,1
2016082657,2016,8,7,12,0,3,-79.9877,40.4498,20,"serious",1,2,245.41317749,1,2,1
2016068055,2016,7,3,19,0,2,-79.9964,40.4297,25,"serious",0,5,993.741943359,0,5,1
2016088893,2016,8,1,11,7,3,-80.0058,40.6051,25,"serious",0,5,111.394508362,0,5,1
2016099051,2016,9,5,14,0,2,-80.1483,40.3465,35,"serious",0,5,993.741943359,0,5,1
2016063393,2016,6,4,8,0,3,-79.954,40.4634,25,"serious",0,5,111.394508362,0,5,1
2016040093,2016,4,2,17,0,2,-79.9969,40.5939,25,"serious",0,5,111.394508362,0,5,1
2016077035,2016,7,1,23,0,8,-79.9386,40.4559,25,"unknown",1,2,28.911233902,1,2,1
2016069489,2016,7,1,10,0,8,-79.9431,40.4509,25,"unknown",0,5,111.394508362,0,5,1
2016080986,2016,7,4,12,0,8,-79.9133,40.4113,0,"unknown",0,5,662.396118164,0,5,1
2016085534,2016,8,1,13,0,3,-80.0575,40.3942,20,"serious",0,5,993.741943359,0,5,1
2016076283,2016,7,5,20,0,8,-79.8857,40.2872,25,"unknown",0,5,662.396118164,0,5,1
2016100051,2016,9,4,17,0,8,-79.9874,40.4294,25,"unknown",0,5,993.741943359,0,5,1
2016102030,2016,10,3,15,0,3,-79.9223,40.4295,25,"serious",1,2,523.535827637,1,2,1
2016101998,2016,10,3,12,0,8,-79.9263,40.4715,25,"unknown",1,2,664.280395508,1,2,1
2016113512,2016,10,2,18,0,4,-79.9154,40.4561,30,"slight",1,2,664.280395508,1,2,1
2016107551,2016,10,2,17,0,8,-79.9248,40.4614,25,"unknown",1,2,664.280395508,1,2,1
2016077087,2016,8,2,8,0,3,-79.9992,40.4538,25,"serious",1,2,245.41317749,1,2,1
2016083706,2016,8,3,11,0,3,-79.9376,40.4426,25,"serious",1,2,80.1163330078,1,2,1
2016115713,2016,11,7,11,0,8,-79.9164,40.4677,25,"unknown",1,2,664.280395508,1,2,1
2016050760,2016,5,1,99,0,3,-79.9722,40.5481,30,"serious",0,5,111.394508362,0,5,1
2016113842,2016,11,3,17,0,3,-79.9594,40.4719,25,"serious",0,5,111.394508362,0,5,1
2016107411,2016,10,2,18,0,4,-79.9866,40.4369,25,"slight",0,5,993.741943359,0,5,1
2016115487,2016,11,7,11,0,8,-79.9867,40.4238,25,"unknown",0,5,993.741943359,0,5,1
2016108271,2016,10,3,18,0,3,-80.0374,40.5513,35,"serious",0,5,111.394508362,0,5,1
2016139273,2016,12,6,7,0,4,-80.0188,40.4407,35,"slight",0,5,993.741943359,0,5,1
2015017610,2015,2,2,18,0,8,-79.83940125,40.46480179,30,"unknown",2,2,1647.33813477,2,2,1
2015032614,2015,3,2,13,0,4,-80.00849915,40.43009949,15,"slight",0,5,993.741943359,0,5,1
2015033680,2015,3,4,17,0,4,-80.08200073,40.41049957,35,"slight",0,5,993.741943359,0,5,1
2015039606,2015,4,2,17,0,4,-79.85639954,40.46300125,35,"slight",2,2,1647.33813477,2,2,1
2015040524,2015,4,5,12,0,4,-79.95040131,40.4776001,25,"slight",0,5,111.394508362,0,5,1
2015043505,2015,4,7,12,0,4,-79.92919922,40.46580124,35,"slight",1,2,664.280395508,1,2,1
2015044137,2015,4,2,19,0,4,-80.01180267,40.44580078,25,"slight",1,2,245.41317749,1,2,1
2015044162,2015,4,2,22,0,3,-79.96109772,40.46770096,25,"serious",0,5,111.394508362,0,5,1
2015044739,2015,4,4,15,0,3,-79.76950073,40.48559952,35,"serious",2,2,1647.33813477,2,2,1
2015045082,2015,1,3,16,0,4,-80.11070251,40.36330032,25,"slight",0,5,993.741943359,0,5,1
2015045158,2015,4,5,20,0,4,-79.90390015,40.40169907,25,"slight",1,2,523.535827637,1,2,1
2015045480,2015,3,2,8,0,8,-79.90879822,40.40510178,25,"unknown",0,5,662.396118164,0,5,1
2015045625,2015,4,5,17,0,2,-79.91159821,40.40060043,25,"serious",0,5,662.396118164,0,5,1
2015046580,2015,4,3,16,0,3,-79.90239716,40.44950104,35,"serious",2,2,1647.33813477,2,2,1
2015047432,2015,4,1,12,0,8,-80.09970093,40.40359879,25,"unknown",0,5,993.741943359,0,5,1
2015048371,2015,5,2,17,0,4,-79.95510101,40.46319962,25,"slight",0,5,111.394508362,0,5,1
2015048455,2015,5,2,20,0,4,-80.00800323,40.43230057,,"slight",0,5,993.741943359,0,5,1
2015049209,2015,5,4,17,0,8,-79.957901,40.44219971,25,"unknown",1,2,245.41317749,1,2,1
2015049725,2015,5,5,17,0,3,-80.0891037,40.36790085,25,"serious",0,5,993.741943359,0,5,1
2015050419,2015,5,1,18,0,4,-79.90809631,40.45149994,35,"slight",2,2,1647.33813477,2,2,1
2015050703,2015,5,2,17,0,4,-80.01650238,40.43220139,15,"slight",0,5,993.741943359,0,5,1
2015051179,2015,5,3,21,0,8,-79.9375,40.43360138,35,"unknown",0,5,993.741943359,0,5,1
2015053104,2015,5,2,9,0,4,-79.99099731,40.43880081,25,"slight",0,5,993.741943359,0,5,1
2015055021,2015,5,7,14,0,4,-79.89630127,40.43939972,25,"slight",2,2,1647.33813477,2,2,1
2015055804,2015,5,3,20,0,4,-79.89859772,40.45299911,25,"slight",2,2,1647.33813477,2,2,1
2015055809,2015,5,3,20,0,3,-79.89089966,40.33209991,25,"serious",0,5,662.396118164,0,5,1
2015058294,2015,6,3,13,0,3,-79.97789764,40.42860031,25,"serious",0,5,993.741943359,0,5,1
2015058652,2015,6,4,8,0,3,-79.99160004,40.45660019,25,"serious",1,2,245.41317749,1,2,1
2015059228,2015,6,5,20,0,4,-79.86759949,40.45550156,25,"slight",2,2,1647.33813477,2,2,1
2015059405,2015,6,5,20,0,4,-79.89769745,40.43970108,35,"slight",2,2,1647.33813477,2,2,1
2015059840,2015,5,7,14,0,3,-80.06620026,40.47710037,35,"serious",1,2,245.41317749,1,2,1
2015060230,2015,6,3,18,0,3,-79.77850342,40.40380096,25,"serious",2,2,1647.33813477,2,2,1
2015060493,2015,6,2,12,0,3,-79.99289703,40.41180038,25,"serious",0,5,993.741943359,0,5,1
2015061189,2015,6,4,13,0,3,-79.93070221,40.46350098,25,"serious",1,2,664.280395508,1,2,1
2015061367,2015,6,5,14,0,3,-79.99980164,40.43769836,25,"serious",0,5,993.741943359,0,5,1
2015061406,2015,6,5,17,0,4,-79.99389648,40.44490051,25,"slight",1,2,245.41317749,1,2,1
2015061654,2015,6,6,12,0,8,-79.94909668,40.46170044,25,"unknown",0,5,111.394508362,0,5,1
2015062127,2015,6,3,14,0,8,-79.96309662,40.43840027,25,"unknown",0,5,993.741943359,0,5,1
2015062795,2015,5,7,15,0,3,-79.72350311,40.6230011,15,"serious",2,2,1647.33813477,2,2,1
2015063295,2015,6,3,21,0,3,-79.92749786,40.46870041,35,"serious",1,2,664.280395508,1,2,1
2015063779,2015,6,2,13,0,4,-80.0565033,40.5807991,25,"slight",0,5,111.394508362,0,5,1
2015064562,2015,6,6,19,0,8,-79.94589996,40.46780014,25,"unknown",0,5,111.394508362,0,5,1
2015064991,2015,6,2,8,0,3,-79.93499756,40.43209839,25,"serious",0,5,662.396118164,0,5,1
2015065383,2015,6,3,12,0,4,-80.001297,40.44200134,25,"slight",1,2,245.41317749,1,2,1
2015065389,2015,6,4,21,0,3,-80.02349854,40.34909821,35,"serious",0,5,993.741943359,0,5,1
2015065726,2015,6,4,11,0,8,-80,40.44240189,25,"unknown",1,2,245.41317749,1,2,1
2015067916,2015,6,2,99,0,8,-79.97080231,40.53570175,25,"unknown",0,5,111.394508362,0,5,1
2015068868,2015,7,5,18,0,4,-79.99359894,40.4117012,25,"slight",0,5,993.741943359,0,5,1
2015069098,2015,7,6,16,0,3,-79.93250275,40.45479965,25,"serious",1,2,664.280395508,1,2,1
2015071582,2015,7,7,16,0,4,-80.0114975,40.47489929,25,"slight",1,2,245.41317749,1,2,1
2015075105,2015,7,1,3,0,2,-80.00229645,40.44869995,25,"serious",1,2,245.41317749,1,2,1
2015075247,2015,7,4,13,7,8,-80.0184021,40.44039917,35,"unknown",0,5,993.741943359,0,5,1
2015077042,2015,7,2,15,0,4,-79.93280029,40.46020126,35,"slight",1,2,664.280395508,1,2,1
2015077380,2015,7,7,19,0,4,-79.79620361,40.54100037,25,"slight",2,2,1647.33813477,2,2,1
2015079123,2015,8,7,10,0,3,-79.97260284,40.479599,15,"serious",0,5,111.394508362,0,5,1
2015079318,2015,8,1,19,0,3,-79.92269897,40.4659996,35,"serious",1,2,664.280395508,1,2,1
2015080058,2015,8,3,20,0,8,-79.94020081,40.45640182,35,"unknown",0,5,111.394508362,0,5,1
2015081569,2015,8,1,15,0,3,-79.99770355,40.2867012,25,"serious",0,5,993.741943359,0,5,1
2015082408,2015,8,3,18,0,3,-79.99739838,40.45740128,25,"serious",1,2,245.41317749,1,2,1
2015082568,2015,8,4,11,0,8,-79.96910095,40.43889999,25,"unknown",0,5,993.741943359,0,5,1
2015083213,2015,8,6,8,0,8,-79.93409729,40.4571991,35,"unknown",1,2,664.280395508,1,2,1
2015083232,2015,8,5,11,0,8,-80.00499725,40.42969894,25,"unknown",0,5,993.741943359,0,5,1
2015083728,2015,8,5,8,0,3,-79.75479889,40.43489838,35,"serious",2,2,1647.33813477,2,2,1
2015085010,2015,8,7,14,7,8,-80.0059967,40.60509872,25,"unknown",0,5,111.394508362,0,5,1
2015085368,2015,8,4,8,0,3,-80.14749908,40.50579834,35,"serious",1,2,245.41317749,1,2,1
2015085773,2015,2,3,7,0,3,-79.94989777,40.42570114,25,"serious",0,5,993.741943359,0,5,1
2015085795,2015,8,5,16,0,3,-79.97530365,40.45660019,25,"serious",1,2,245.41317749,1,2,1
2015086511,2015,8,7,12,0,4,-79.94709778,40.45880127,25,"slight",0,5,111.394508362,0,5,1
2015088485,2015,8,5,22,0,4,-80.03079987,40.46210098,35,"slight",1,2,245.41317749,1,2,1
2015088585,2015,8,6,7,0,8,-79.98149872,40.45280075,25,"unknown",1,2,245.41317749,1,2,1
2015088644,2015,8,5,13,0,4,-80.01570129,40.60900116,25,"slight",0,5,111.394508362,0,5,1
2015089735,2015,8,5,17,0,4,-79.94680023,40.46279907,25,"slight",0,5,111.394508362,0,5,1
2015090131,2015,9,3,15,0,8,-79.91269684,40.43799973,35,"unknown",2,2,1647.33813477,2,2,1
2015090624,2015,9,5,8,0,4,-79.95159912,40.44229889,25,"slight",1,2,245.41317749,1,2,1
2015090998,2015,9,5,16,0,8,-79.88610077,40.30680084,25,"unknown",0,5,662.396118164,0,5,1
2015091288,2015,9,6,6,0,3,-80.03330231,40.47719955,25,"serious",1,2,245.41317749,1,2,1
2015091787,2015,9,2,16,0,4,-79.85630035,40.35029984,25,"slight",2,2,1647.33813477,2,2,1
2015092352,2015,9,4,7,0,8,-79.90619659,40.45429993,25,"unknown",2,2,1647.33813477,2,2,1
2015093614,2015,9,6,14,0,4,-79.90830231,40.49110031,35,"slight",1,2,664.280395508,1,2,1
2015094954,2015,8,7,0,0,4,-79.97619629,40.44530106,25,"slight",1,2,245.41317749,1,2,1
2015095409,2015,9,4,18,0,8,-79.9131012,40.43799973,35,"unknown",2,2,1647.33813477,2,2,1
2015096466,2015,9,7,14,0,4,-79.89150238,40.42359924,25,"slight",2,2,1647.33813477,2,2,1
2015096951,2015,9,6,19,0,1,-80.18939972,40.44179916,35,"fatal",0,5,993.741943359,0,5,1
2015097325,2015,9,3,11,0,3,-79.98090363,40.42499924,25,"serious",0,5,993.741943359,0,5,1
2015099209,2015,9,1,12,0,4,-79.97989655,40.42490005,25,"slight",0,5,993.741943359,0,5,1
2015100819,2015,10,5,17,0,8,-79.9464035,40.46549988,35,"unknown",0,5,111.394508362,0,5,1
2015102630,2015,10,3,19,0,8,-79.95400238,40.43809891,25,"unknown",0,5,993.741943359,0,5,1
2015103073,2015,10,4,18,0,4,-80.07430267,40.59529877,25,"slight",0,5,111.394508362,0,5,1
2015103244,2015,10,4,21,0,3,-79.91940308,40.43799973,25,"serious",1,2,909.977172852,1,2,1
2015104364,2015,10,1,15,0,3,-80.00229645,40.43849945,25,"serious",0,5,993.741943359,0,5,1
2015105291,2015,10,3,18,0,8,-79.93890381,40.4477005,25,"unknown",1,2,28.911233902,1,2,1
2015109507,2015,10,6,16,0,1,-79.95130157,40.44380188,25,"fatal",1,2,245.41317749,1,2,1
2015110233,2015,10,5,14,0,8,-79.96450043,40.43610001,25,"unknown",0,5,993.741943359,0,5,1
2015111709,2015,10,2,22,0,4,-80.00019836,40.43769836,25,"slight",0,5,993.741943359,0,5,1
2015114006,2015,11,4,7,0,4,-79.92150116,40.46889877,25,"slight",1,2,664.280395508,1,2,1
2015114934,2015,11,6,9,0,4,-79.96769714,40.46450043,25,"slight",0,5,111.394508362,0,5,1
2015118838,2015,11,1,11,0,3,-80.19650269,40.54899979,40,"serious",1,2,245.41317749,1,2,1
2015119084,2015,11,2,8,0,3,-79.94229889,40.44020081,25,"serious",2,2,12.3671216965,2,2,1
2015123541,2015,11,6,20,0,8,-79.84030151,40.47829819,35,"unknown",2,2,1647.33813477,2,2,1
2015124094,2015,11,1,1,0,3,-79.94979858,40.46419907,25,"serious",0,5,111.394508362,0,5,1
2015127050,2015,12,2,7,0,8,-80.00350189,40.45289993,25,"unknown",1,2,245.41317749,1,2,1
2015127272,2015,12,2,8,0,8,-79.94560242,40.44449997,25,"unknown",0,5,29.4298877716,0,5,1
2015128098,2015,12,4,17,0,3,-79.98860168,40.41450119,25,"serious",0,5,993.741943359,0,5,1
